STATE_KEY,DATE_STD,Min Price,Max Price,Modal Price,Price_Change_Percent,Latitude,Longitude,ALLSKY_SFC_SW_DWN,T2M_RANGE,T2M_MAX,T2M_MIN,PRECTOTCORR,RH2M,WS2M,PSC,PRODUCTION_TONNES,AREA_HA,YIELD_TON_PER_HA
Andhra Pradesh,03/12/2017,1660.1,1841.35,1739.9,1.0184,16.9838,77.7076,20.249,9.285,25.511,16.226,6.191,45.421,5.131,58.398,8532731.0,2219772.0,3.871
Karnataka,18/12/2022,1803.91,2018.92,1916.05,0.5607,22.0065,77.6944,13.779,8.875,26.74,17.866,9.174,47.732,3.861,77.729,5118635.0,1668244.0,3.254
West Bengal,20/02/2022,1773.13,2060.11,1922.33,0.0578,23.1336,87.2795,22.323,12.872,34.152,21.28,3.733,45.447,3.615,69.727,9515089.0,3514103.0,3.788
Andhra Pradesh,24/09/2017,1530.57,1728.08,1648.88,-1.5669,16.9838,77.7076,15.88,8.267,20.407,12.14,1.838,58.446,2.211,65.908,11862278.0,2551587.0,3.784
Andhra Pradesh,04/12/2022,1817.21,2074.81,1972.72,3.2668,16.9838,77.7076,19.151,7.382,24.418,17.036,3.986,54.047,3.577,88.992,9446178.0,3623475.0,3.263
Andhra Pradesh,08/11/2020,1755.65,1929.1,1827.16,0.5745,16.9838,77.7076,21.581,12.014,24.695,12.681,2.686,64.282,4.424,42.007,8181066.0,3019667.0,2.961
Andhra Pradesh,16/04/2017,1698.01,1944.92,1823.93,-0.5282,16.9838,77.7076,19.354,9.356,33.469,24.113,0.63,69.878,2.645,48.105,13864857.0,2708332.0,2.924
Punjab,20/11/2016,1736.09,1992.48,1874.07,0.1604,27.2892,81.9589,21.384,6.072,21.852,15.781,0.58,77.741,2.974,58.442,12505728.0,2530797.0,2.902
Andhra Pradesh,04/01/2015,1520.94,1720.51,1640.99,-2.0809,16.9838,77.7076,20.304,8.193,27.394,19.202,2.122,65.342,2.367,65.149,10100819.0,1903891.0,3.019
Tamil Nadu,06/11/2022,1753.37,2006.73,1880.94,0.0663,26.7596,74.6424,21.776,7.213,18.526,11.313,1.884,63.521,4.78,74.535,6324514.0,1342553.0,4.044
Tamil Nadu,28/02/2021,1894.84,2150.25,2053.69,1.3629,26.7596,74.6424,14.11,11.119,34.444,23.325,1.125,53.027,1.504,63.688,5389588.0,1818819.0,4.49
Punjab,18/02/2018,1971.3,2295.2,2131.81,0.6618,27.2892,81.9589,13.744,11.177,33.966,22.789,4.368,50.048,3.319,47.949,6501908.0,3903417.0,3.644
Punjab,03/01/2016,1884.34,2057.12,1963.84,2.5767,27.2892,81.9589,20.7,10.815,28.145,17.331,3.858,83.172,2.09,84.463,12650988.0,3105700.0,3.126
West Bengal,30/07/2017,1489.25,1602.62,1541.27,-0.072,23.1336,87.2795,12.584,10.552,23.91,13.357,0.343,69.603,3.19,74.535,13392274.0,1178605.0,4.377
Tamil Nadu,04/12/2016,1600.97,1785.3,1696.29,0.3897,26.7596,74.6424,14.418,5.362,21.05,15.688,1.725,77.47,2.898,68.93,6410273.0,3917039.0,4.306
Andhra Pradesh,20/12/2020,1752.53,2028.45,1885.68,1.9972,16.9838,77.7076,15.394,9.773,24.902,15.129,3.026,54.047,4.155,73.94,7118580.0,1025774.0,2.649
Karnataka,12/01/2020,1678.37,1942.26,1820.59,0.6061,22.0065,77.6944,17.432,12.965,32.055,19.09,3.486,55.003,4.108,74.672,5850595.0,2121781.0,3.989
Punjab,28/10/2018,1921.34,2200.55,2046.15,2.5776,27.2892,81.9589,21.185,10.524,21.9,11.376,1.16,48.931,3.263,84.686,9244553.0,2695463.0,4.246
West Bengal,11/11/2018,1426.69,1581.38,1529.25,0.2583,23.1336,87.2795,14.222,7.109,19.254,12.144,0.44,80.526,5.333,51.089,7941841.0,3400309.0,4.441
Tamil Nadu,23/04/2017,1676.63,1923.79,1807.43,0.7276,26.7596,74.6424,15.439,11.226,34.485,23.259,1.305,62.643,3.157,66.094,7796363.0,1096131.0,3.729
West Bengal,10/01/2016,1491.32,1648.44,1546.65,-2.7275,23.1336,87.2795,14.858,9.947,29.661,19.714,0.601,47.914,4.088,47.5,14991915.0,3883143.0,2.558
Tamil Nadu,18/06/2017,1692.1,1834.58,1779.93,0.796,26.7596,74.6424,15.175,10.205,29.379,19.174,0.22,49.33,2.461,53.695,5328100.0,1838064.0,2.886
Andhra Pradesh,24/12/2017,1627.0,1879.65,1761.92,-0.1983,16.9838,77.7076,17.752,11.45,27.395,15.946,0.169,81.943,3.41,59.98,13614754.0,3536735.0,3.955
Tamil Nadu,21/03/2021,2014.4,2192.18,2113.73,-4.6095,26.7596,74.6424,13.589,12.713,36.328,23.615,0.199,79.985,5.276,42.328,12600718.0,3211455.0,4.494
Tamil Nadu,21/07/2019,1814.98,1989.55,1881.9,0.1527,26.7596,74.6424,14.703,10.827,25.719,14.892,0.713,63.838,3.42,89.882,6144453.0,3555895.0,4.227
Tamil Nadu,29/09/2019,1766.93,1997.77,1883.73,0.3048,26.7596,74.6424,16.15,7.538,19.911,12.374,9.181,80.133,2.788,68.576,7781623.0,1160004.0,3.976
Punjab,01/02/2015,1850.39,2142.38,1995.76,-1.6608,27.2892,81.9589,15.34,10.761,31.588,20.827,0.257,74.422,3.282,87.182,11643246.0,2594168.0,3.813
Karnataka,19/11/2017,1465.55,1694.79,1592.24,-0.9562,22.0065,77.6944,20.084,8.868,23.728,14.86,0.63,45.096,2.878,75.24,8931133.0,1657522.0,3.428
West Bengal,31/07/2022,1757.98,1990.13,1844.16,-0.9766,23.1336,87.2795,13.016,6.618,22.042,15.424,3.518,49.471,5.105,53.922,6972699.0,2534895.0,4.114
Tamil Nadu,08/05/2022,1918.16,2067.76,1981.51,1.042,26.7596,74.6424,16.224,11.156,35.59,24.435,7.613,62.824,1.523,68.723,12475059.0,1523657.0,4.363
Tamil Nadu,26/07/2015,1602.3,1840.61,1736.87,0.7668,26.7596,74.6424,19.963,7.739,23.102,15.363,1.919,45.726,3.883,51.564,13738885.0,1760994.0,3.722
Punjab,19/06/2022,2142.29,2415.34,2301.99,3.1088,27.2892,81.9589,12.235,9.073,29.289,20.216,4.443,84.151,1.917,53.6,10470131.0,3531295.0,3.513
West Bengal,04/03/2018,1601.36,1785.03,1688.25,0.9221,23.1336,87.2795,12.418,11.381,34.592,23.211,1.183,60.285,3.452,45.697,13931697.0,3033577.0,4.364
Tamil Nadu,05/02/2017,1740.97,1946.43,1807.86,1.8326,26.7596,74.6424,18.343,12.201,33.372,21.172,4.802,57.128,3.259,89.281,14850467.0,3718320.0,4.097
West Bengal,30/12/2018,1613.55,1791.78,1673.11,-1.2851,23.1336,87.2795,12.426,11.008,28.868,17.859,1.855,51.765,2.996,57.99,10975611.0,2312290.0,4.431
Tamil Nadu,19/09/2021,1839.39,2000.06,1923.42,-1.2823,26.7596,74.6424,18.079,10.641,21.002,10.362,2.063,69.034,3.25,85.974,13399341.0,3637340.0,3.759
Tamil Nadu,24/05/2020,1792.51,1972.92,1870.04,0.2931,26.7596,74.6424,15.215,12.305,35.076,22.771,3.665,79.607,2.772,64.177,14510449.0,3394636.0,4.274
West Bengal,05/03/2017,1553.14,1793.24,1664.8,-0.298,23.1336,87.2795,15.743,8.993,32.561,23.568,2.14,49.224,3.588,59.835,5461684.0,1435585.0,2.575
Andhra Pradesh,09/08/2020,1714.42,1929.55,1859.76,0.2761,16.9838,77.7076,18.665,9.166,23.706,14.54,1.264,66.241,3.157,66.451,6939378.0,3478728.0,4.462
Punjab,22/01/2017,1981.59,2109.77,2043.67,3.1579,27.2892,81.9589,20.601,12.695,32.253,19.558,0.686,80.714,3.328,48.224,13544078.0,3828777.0,2.699
Tamil Nadu,27/12/2015,1638.79,1883.73,1744.31,-1.3693,26.7596,74.6424,13.848,10.905,27.154,16.25,0.617,69.787,5.232,89.041,5696406.0,1413993.0,4.081
West Bengal,11/09/2016,1468.33,1679.56,1557.33,0.2274,23.1336,87.2795,15.264,8.996,20.162,11.166,0.879,64.247,2.654,74.356,6351246.0,1741937.0,2.624
Tamil Nadu,08/05/2016,1601.52,1835.91,1738.51,-2.2276,26.7596,74.6424,20.282,10.237,35.218,24.981,0.662,71.733,3.007,70.936,5400950.0,2385182.0,3.545
Andhra Pradesh,03/07/2022,1831.75,2099.81,1972.42,-0.9383,16.9838,77.7076,16.671,11.213,28.34,17.126,0.775,46.241,4.796,76.17,13966157.0,2912363.0,4.383
Karnataka,15/03/2015,1480.85,1629.75,1546.84,-1.8769,22.0065,77.6944,18.125,12.739,35.805,23.066,1.941,53.999,4.455,75.756,7666057.0,2667913.0,4.211
West Bengal,31/05/2015,1412.01,1519.26,1458.2,-0.2573,23.1336,87.2795,17.083,13.874,33.434,19.56,4.401,73.528,5.321,74.434,14871752.0,1739016.0,2.918
Tamil Nadu,04/08/2019,1795.19,1965.03,1864.1,1.0994,26.7596,74.6424,15.681,8.8,25.1,16.301,0.362,50.618,2.728,62.287,8223197.0,2161051.0,4.14
Tamil Nadu,12/08/2018,1682.33,1875.76,1787.8,0.8315,26.7596,74.6424,13.791,11.34,24.214,12.874,1.042,83.716,1.73,86.143,10678114.0,3113191.0,2.798
Tamil Nadu,27/01/2019,1858.11,2033.45,1940.8,-0.3413,26.7596,74.6424,15.367,14.082,34.544,20.462,0.502,55.97,4.747,77.996,11955520.0,1417015.0,4.116
Karnataka,07/10/2018,1451.64,1627.95,1557.64,0.8882,22.0065,77.6944,14.1,9.933,20.395,10.462,1.722,81.059,4.636,57.224,14476435.0,1716768.0,3.314
Andhra Pradesh,01/08/2021,1824.56,1999.56,1917.81,-1.1706,16.9838,77.7076,14.467,9.094,23.937,14.843,9.787,65.383,2.435,71.982,5903196.0,2302057.0,4.232
Tamil Nadu,09/06/2019,1716.77,1948.22,1865.38,-0.0351,26.7596,74.6424,21.516,14.376,33.839,19.464,1.221,57.05,2.741,88.338,9392122.0,2341377.0,3.605
Tamil Nadu,24/03/2019,1830.83,2016.86,1956.93,0.7277,26.7596,74.6424,20.492,14.674,37.59,22.916,10.664,69.172,4.887,60.325,13487721.0,2519420.0,2.946
Punjab,29/05/2016,1827.51,2000.31,1898.72,-0.0746,27.2892,81.9589,13.422,14.827,35.224,20.397,1.497,59.141,2.438,87.947,9633797.0,3786433.0,2.828
Karnataka,05/03/2017,1575.76,1772.6,1709.94,0.494,22.0065,77.6944,20.417,12.946,37.196,24.249,0.103,67.163,2.774,67.704,11593277.0,3918424.0,3.411
Andhra Pradesh,01/02/2015,1674.72,1861.66,1745.11,-0.0236,16.9838,77.7076,23.153,10.366,30.546,20.181,0.814,60.169,1.624,41.934,9466384.0,3504939.0,4.195
West Bengal,09/02/2020,1654.61,1898.64,1765.15,0.4029,23.1336,87.2795,12.277,13.458,33.786,20.328,0.085,56.753,5.082,77.354,11174930.0,1457784.0,4.358
Punjab,09/01/2022,2139.0,2353.23,2232.14,0.5515,27.2892,81.9589,16.298,11.294,30.624,19.329,8.043,46.425,1.682,79.942,6244653.0,1041952.0,4.325
Tamil Nadu,11/12/2022,1902.43,2141.36,1983.21,-2.2626,26.7596,74.6424,12.284,14.384,26.601,12.217,1.356,46.734,4.783,69.07,10137185.0,2663350.0,3.005
Punjab,20/10/2019,1809.13,2106.68,1960.12,0.5718,27.2892,81.9589,15.579,10.465,20.938,10.474,4.83,73.719,2.713,57.583,6563305.0,2780331.0,4.414
Karnataka,11/12/2022,1695.45,1910.87,1827.71,0.1839,22.0065,77.6944,22.318,10.374,26.064,15.69,0.5,69.869,3.769,73.44,11710564.0,3878402.0,3.193
West Bengal,02/08/2020,1641.96,1797.02,1722.68,0.9606,23.1336,87.2795,17.616,9.858,25.073,15.215,2.696,47.492,3.541,40.488,8898303.0,2111965.0,3.768
Karnataka,17/10/2021,1694.2,1854.87,1789.37,0.2705,22.0065,77.6944,23.331,5.683,17.107,11.424,2.711,61.185,3.704,84.307,14128487.0,2200264.0,3.716
Tamil Nadu,27/09/2020,1769.93,2005.0,1871.01,-0.941,26.7596,74.6424,12.82,8.368,20.342,11.974,2.253,47.078,5.07,74.578,14522007.0,1941660.0,3.472
Punjab,02/07/2017,1781.19,2042.84,1891.88,-0.398,27.2892,81.9589,18.167,9.992,27.985,17.993,2.552,57.983,4.322,69.394,13481848.0,2660682.0,3.665
Andhra Pradesh,26/09/2021,1757.42,1945.19,1882.05,0.2696,16.9838,77.7076,19.42,6.89,19.171,12.281,3.182,48.168,3.053,73.362,10745709.0,2955078.0,3.426
Karnataka,20/03/2016,1629.85,1814.93,1715.55,2.1664,22.0065,77.6944,23.991,10.566,36.164,25.598,4.017,77.349,4.477,82.79,14545249.0,1579250.0,2.831
Karnataka,18/10/2015,1470.82,1575.92,1523.71,0.9355,22.0065,77.6944,18.341,11.116,23.081,11.965,0.64,65.704,1.674,72.428,10634788.0,3042899.0,3.635
Karnataka,17/01/2016,1534.48,1736.95,1667.82,2.4729,22.0065,77.6944,13.487,9.142,28.369,19.227,1.256,70.037,1.911,76.927,13870226.0,3779763.0,3.82
West Bengal,21/04/2019,1644.52,1858.78,1743.23,2.0341,23.1336,87.2795,13.4,15.549,36.039,20.49,0.072,72.572,3.738,73.97,10719965.0,3179175.0,2.81
Karnataka,04/09/2022,1755.33,1962.62,1864.2,1.6989,22.0065,77.6944,17.305,8.839,21.172,12.332,4.736,78.301,5.473,56.126,14019545.0,3418153.0,2.636
Tamil Nadu,31/01/2016,1683.83,1927.04,1804.99,-0.1332,26.7596,74.6424,21.003,9.224,31.822,22.598,4.015,59.716,2.377,50.419,12514908.0,1356731.0,2.672
Tamil Nadu,25/12/2022,1955.75,2197.1,2072.01,1.1485,26.7596,74.6424,20.55,9.679,27.854,18.175,2.403,57.462,2.394,79.26,14598138.0,2477500.0,2.584
Andhra Pradesh,11/11/2018,1607.62,1833.18,1698.76,-0.273,16.9838,77.7076,19.45,8.783,22.102,13.319,4.39,57.85,5.098,67.644,7463403.0,1265076.0,2.714
Andhra Pradesh,25/03/2018,1700.9,1942.27,1807.68,2.9416,16.9838,77.7076,18.289,13.344,36.006,22.662,0.149,55.841,4.969,78.998,9474234.0,3727066.0,4.138
Punjab,23/01/2022,2039.94,2270.85,2200.45,-0.4058,27.2892,81.9589,23.937,9.484,29.19,19.706,1.198,79.574,3.041,40.839,10100218.0,1836563.0,3.887
Tamil Nadu,16/05/2021,1824.41,2076.43,1953.78,-1.042,26.7596,74.6424,23.972,11.965,32.324,20.359,8.001,68.412,5.368,83.401,8188985.0,3248789.0,2.774
West Bengal,22/04/2018,1566.41,1766.46,1674.06,1.9236,23.1336,87.2795,13.589,8.723,32.708,23.985,0.36,50.219,2.423,66.751,12900948.0,1674315.0,4.083
Karnataka,27/06/2021,1755.81,1942.15,1843.88,1.9032,22.0065,77.6944,17.82,10.286,29.62,19.334,1.652,81.019,2.241,74.308,7146247.0,3469913.0,3.771
Andhra Pradesh,05/03/2017,1768.04,1933.59,1836.54,1.4909,16.9838,77.7076,18.791,10.42,34.475,24.055,2.55,61.923,5.436,89.798,10619438.0,1204012.0,3.634
Andhra Pradesh,02/05/2021,1894.52,2100.83,2012.13,2.7316,16.9838,77.7076,13.588,11.507,35.345,23.838,0.193,61.577,1.671,84.029,11499581.0,3531002.0,3.389
Tamil Nadu,17/11/2019,1686.93,1863.62,1801.61,-1.5708,26.7596,74.6424,12.701,11.796,23.354,11.559,1.728,65.502,2.848,73.102,11306465.0,3819616.0,4.423
Karnataka,13/11/2016,1481.77,1684.4,1559.76,-1.9824,22.0065,77.6944,18.151,7.75,20.843,13.093,1.036,80.893,5.443,78.93,5651845.0,1967919.0,4.293
Andhra Pradesh,30/01/2022,1921.52,2186.63,2065.76,1.1377,16.9838,77.7076,17.049,11.459,31.907,20.448,0.76,68.071,3.887,82.25,13190882.0,3470579.0,4.188
Punjab,17/03/2019,2058.17,2246.97,2148.37,1.2913,27.2892,81.9589,13.761,12.805,37.27,24.464,8.771,52.339,3.612,56.026,11373344.0,1638221.0,4.091
Karnataka,27/11/2022,1694.41,1895.14,1788.5,1.8222,22.0065,77.6944,12.563,13.048,26.698,13.649,0.574,63.145,4.27,75.009,6809698.0,3573916.0,3.254
Punjab,04/07/2021,2019.69,2271.35,2136.0,1.7959,27.2892,81.9589,20.873,10.135,29.378,19.243,2.627,64.75,3.613,87.74,14108978.0,1335950.0,3.238
Punjab,29/04/2018,1941.45,2185.51,2054.36,1.1085,27.2892,81.9589,21.79,13.684,37.392,23.708,3.273,48.732,4.563,75.251,13836798.0,3676224.0,3.057
Karnataka,06/08/2017,1586.04,1763.93,1675.78,1.112,22.0065,77.6944,14.389,8.823,24.679,15.856,1.198,74.949,4.403,74.959,5261271.0,1779879.0,4.18
Andhra Pradesh,03/11/2019,1719.81,1930.16,1804.94,-1.0578,16.9838,77.7076,23.439,6.615,20.944,14.329,7.092,68.486,2.388,78.745,8221386.0,2731311.0,2.673
Andhra Pradesh,10/04/2022,1893.46,2201.66,2040.03,-2.2348,16.9838,77.7076,23.491,13.104,36.706,23.602,0.582,53.391,3.793,58.605,8478644.0,1247093.0,2.646
Karnataka,17/05/2015,1489.61,1678.78,1581.91,1.3541,22.0065,77.6944,21.091,12.393,33.271,20.878,5.587,83.395,4.783,70.088,12493320.0,1534145.0,3.458
West Bengal,06/10/2019,1446.76,1647.03,1547.44,1.9332,23.1336,87.2795,17.006,4.668,17.598,12.93,0.095,72.486,3.656,80.69,10350755.0,3982641.0,2.982
Karnataka,26/04/2015,1500.08,1673.84,1615.45,-0.6757,22.0065,77.6944,18.068,8.475,33.872,25.397,1.149,80.692,2.487,86.15,10179918.0,1776505.0,4.192
West Bengal,21/03/2021,1684.37,1913.07,1804.67,-0.0909,23.1336,87.2795,20.388,13.567,35.155,21.588,8.824,52.217,5.121,43.029,7649282.0,3444400.0,2.867
West Bengal,05/06/2016,1489.31,1679.05,1575.19,1.1862,23.1336,87.2795,12.373,10.168,31.586,21.418,1.06,77.969,2.584,64.226,8081500.0,3719926.0,3.266
Andhra Pradesh,17/07/2016,1628.83,1773.17,1698.22,1.7189,16.9838,77.7076,22.108,7.111,23.917,16.806,2.637,78.851,3.531,79.135,12207452.0,1798248.0,3.119
Punjab,21/04/2019,2102.74,2325.7,2169.91,2.3962,27.2892,81.9589,19.195,12.192,37.014,24.821,4.246,57.772,2.915,71.449,6470941.0,1354632.0,3.0
Punjab,26/07/2020,1969.12,2179.99,2116.18,1.0763,27.2892,81.9589,20.487,6.858,22.594,15.737,0.742,82.919,4.078,88.157,14944410.0,3404873.0,4.499
Andhra Pradesh,04/09/2022,1813.14,1935.82,1873.01,2.3794,16.9838,77.7076,20.283,7.789,20.47,12.68,1.117,52.399,1.545,81.324,5376173.0,2897719.0,3.665
Tamil Nadu,17/10/2021,1815.96,2037.82,1920.34,2.0776,26.7596,74.6424,15.315,8.589,19.914,11.325,2.776,56.773,2.875,62.638,10057337.0,3952942.0,2.947
Tamil Nadu,01/05/2016,1686.36,1890.22,1786.23,-3.7211,26.7596,74.6424,19.287,7.863,31.779,23.916,1.365,59.799,3.17,45.92,12947506.0,3513151.0,3.069
Tamil Nadu,24/04/2022,1938.11,2189.49,2089.86,0.1536,26.7596,74.6424,17.873,13.646,36.115,22.469,3.207,45.244,5.23,72.299,14506489.0,3452169.0,4.356
Tamil Nadu,07/10/2018,1717.04,1897.53,1790.97,2.464,26.7596,74.6424,12.954,3.655,17.396,13.741,1.095,56.717,5.057,78.104,11981902.0,1835818.0,3.918
Karnataka,13/03/2016,1590.68,1787.78,1716.32,2.5846,22.0065,77.6944,13.875,13.698,36.54,22.842,1.115,73.515,4.562,44.744,13519956.0,3171917.0,3.179
Tamil Nadu,20/01/2019,1811.85,1993.13,1875.94,1.0026,26.7596,74.6424,17.0,10.116,30.636,20.521,0.029,47.503,1.938,44.768,8517024.0,3103812.0,4.081
Andhra Pradesh,22/01/2017,1665.04,1839.71,1785.49,0.57,16.9838,77.7076,23.744,10.293,28.914,18.621,3.565,52.807,5.363,41.356,9841664.0,3413806.0,4.046
Andhra Pradesh,15/11/2020,1736.31,1910.71,1806.14,1.9554,16.9838,77.7076,22.644,9.703,24.172,14.469,2.653,48.532,3.362,49.543,5832198.0,1877187.0,3.721
Punjab,09/04/2017,1954.19,2150.53,2050.34,1.722,27.2892,81.9589,16.218,11.05,36.792,25.742,2.64,60.81,3.925,66.142,13762218.0,2107350.0,3.368
Tamil Nadu,06/03/2022,2048.51,2230.5,2120.47,-2.4768,26.7596,74.6424,21.19,12.752,35.576,22.824,1.443,54.87,2.143,57.891,12756034.0,3085190.0,3.832
Karnataka,05/07/2020,1689.64,1896.01,1769.53,-0.5194,22.0065,77.6944,17.963,10.049,26.908,16.859,0.541,49.136,2.1,71.699,13687058.0,2981249.0,2.572
Karnataka,13/09/2015,1505.92,1697.96,1588.9,-0.8017,22.0065,77.6944,18.669,7.169,19.309,12.141,0.422,61.29,4.156,64.654,8795915.0,3654910.0,4.046
West Bengal,14/06/2015,1463.27,1645.83,1536.8,0.4935,23.1336,87.2795,20.921,10.453,30.929,20.476,0.669,48.188,2.879,41.385,5901844.0,1851360.0,2.986
Karnataka,10/11/2019,1559.09,1806.98,1681.32,1.1234,22.0065,77.6944,22.362,10.147,22.538,12.391,1.503,62.146,3.503,50.01,9576856.0,3549159.0,4.102
Andhra Pradesh,16/07/2017,1712.96,1854.66,1770.04,0.6589,16.9838,77.7076,19.618,8.154,24.064,15.91,3.65,73.728,4.043,82.616,8920133.0,3547567.0,2.867
Karnataka,19/09/2021,1680.47,1863.87,1758.7,0.754,22.0065,77.6944,19.827,7.611,21.41,13.799,2.172,69.683,4.711,40.052,10270159.0,2958629.0,3.934
Punjab,24/03/2019,2065.8,2292.32,2161.81,-1.1964,27.2892,81.9589,14.636,9.665,36.49,26.826,2.264,60.616,4.475,41.223,9277121.0,2955106.0,3.421
Karnataka,27/08/2017,1608.36,1751.8,1697.13,-0.214,22.0065,77.6944,15.882,7.578,21.255,13.676,2.417,55.372,2.634,56.901,11048246.0,2750696.0,3.011
West Bengal,01/11/2020,1577.47,1694.29,1632.4,1.3823,23.1336,87.2795,19.836,9.523,22.301,12.777,3.225,64.497,5.408,72.824,11992125.0,3454622.0,3.968
Andhra Pradesh,26/06/2022,1934.46,2165.3,2005.7,-0.1949,16.9838,77.7076,13.473,8.458,27.665,19.207,4.368,51.843,4.586,41.956,7355651.0,1780466.0,3.094
Karnataka,25/02/2018,1677.0,1857.69,1779.37,-1.4894,22.0065,77.6944,12.231,15.036,38.702,23.666,0.507,78.078,3.703,78.682,13381760.0,3825890.0,2.627
Tamil Nadu,19/02/2017,1817.21,2006.4,1896.95,-0.5768,26.7596,74.6424,15.796,11.996,32.101,20.105,1.052,71.235,2.6,43.247,5549350.0,2745182.0,2.543
Andhra Pradesh,14/05/2017,1678.24,1880.53,1769.14,1.3002,16.9838,77.7076,12.291,13.688,33.823,20.135,1.49,69.664,2.376,55.732,14571136.0,2890611.0,3.691
Andhra Pradesh,31/05/2015,1527.25,1719.95,1651.22,1.0503,16.9838,77.7076,23.036,15.416,34.672,19.256,2.499,78.459,3.412,62.861,14034214.0,2322704.0,3.99
Punjab,23/12/2018,1886.18,2140.02,1999.14,2.0868,27.2892,81.9589,16.978,9.969,27.846,17.877,0.175,52.977,4.822,44.761,14021277.0,1080727.0,3.545
Karnataka,17/12/2017,1550.61,1740.54,1639.93,-0.3656,22.0065,77.6944,12.278,12.537,27.561,15.023,0.238,81.157,5.031,80.38,6996121.0,2576376.0,4.092
Karnataka,04/03/2018,1677.59,1941.28,1803.18,0.7034,22.0065,77.6944,22.651,14.237,36.334,22.097,0.691,66.07,2.138,85.716,10566619.0,1018277.0,2.537
Andhra Pradesh,29/01/2017,1698.15,1899.28,1785.43,-0.1613,16.9838,77.7076,21.729,11.992,30.838,18.846,1.163,74.003,5.258,82.775,12823375.0,1868946.0,2.608
Punjab,23/02/2020,2006.31,2252.76,2153.44,0.4061,27.2892,81.9589,23.11,12.718,34.449,21.731,3.16,66.569,2.182,74.699,13373704.0,3395948.0,3.192
Karnataka,29/03/2015,1595.16,1798.5,1667.28,-0.3789,22.0065,77.6944,15.055,12.302,35.189,22.887,4.066,45.822,5.464,53.05,11647951.0,3547461.0,2.821
Punjab,25/12/2016,1932.7,2099.19,2005.81,-1.7082,27.2892,81.9589,23.51,9.294,26.618,17.324,2.994,66.634,4.816,60.558,14851158.0,3572719.0,3.061
Tamil Nadu,13/01/2019,1811.56,2015.77,1938.71,-0.2298,26.7596,74.6424,18.641,11.268,30.945,19.676,4.419,70.915,3.052,67.751,5940993.0,1462911.0,4.364
Karnataka,21/01/2018,1675.48,1852.32,1755.74,-0.2275,22.0065,77.6944,15.533,11.921,30.943,19.023,0.165,78.109,5.273,82.841,8339136.0,1280590.0,3.06
Tamil Nadu,21/05/2017,1719.69,1944.32,1842.61,-0.9905,26.7596,74.6424,17.084,9.387,33.226,23.839,4.092,65.097,5.385,52.942,10045452.0,3578592.0,3.397
Punjab,11/10/2015,1744.66,1984.0,1861.6,0.2369,27.2892,81.9589,14.049,10.657,21.152,10.496,1.288,68.238,4.875,43.947,13508808.0,2029362.0,3.312
Karnataka,06/03/2016,1700.44,1843.61,1765.0,2.0738,22.0065,77.6944,15.806,10.579,35.46,24.882,4.007,79.05,2.718,62.527,11655872.0,1391403.0,3.345
West Bengal,19/02/2017,1567.08,1741.03,1667.74,1.0465,23.1336,87.2795,12.836,9.712,33.992,24.279,0.166,63.089,2.372,40.361,11793705.0,3448467.0,2.796
Karnataka,09/04/2017,1674.3,1879.02,1757.96,0.3848,22.0065,77.6944,23.381,12.686,34.81,22.123,2.031,46.176,2.818,75.424,5598012.0,2079138.0,3.096
Tamil Nadu,03/04/2016,1764.55,1959.34,1860.56,0.453,26.7596,74.6424,18.653,8.498,33.652,25.154,3.187,58.829,3.014,44.732,6660626.0,3169341.0,3.278
Punjab,12/07/2015,1879.51,2120.17,1992.7,0.5032,27.2892,81.9589,19.549,6.679,25.177,18.498,1.973,69.296,3.108,61.117,14793246.0,1835773.0,3.438
Andhra Pradesh,05/12/2021,1763.72,2024.72,1916.4,-1.7641,16.9838,77.7076,22.551,9.66,25.542,15.882,8.968,72.476,4.193,73.948,12471149.0,3009663.0,4.169
Tamil Nadu,15/11/2020,1696.56,1924.15,1840.0,0.0436,26.7596,74.6424,22.944,10.493,23.27,12.777,0.441,63.322,3.025,64.468,10547195.0,1060776.0,4.184
Tamil Nadu,25/07/2021,1881.47,2052.46,1971.93,-4.6657,26.7596,74.6424,17.587,6.853,24.869,18.016,2.137,82.647,2.796,80.745,12488270.0,3003772.0,4.341
Tamil Nadu,19/07/2020,1865.54,2049.31,1925.63,1.1203,26.7596,74.6424,12.169,7.526,24.527,17.001,0.311,51.113,2.374,83.638,11032047.0,1529373.0,3.613
Karnataka,24/03/2019,1785.63,2009.5,1865.36,0.1518,22.0065,77.6944,13.619,15.294,37.264,21.969,0.387,45.254,4.476,89.07,14928178.0,3352592.0,2.824
Punjab,28/06/2020,2040.92,2314.76,2145.76,2.4818,27.2892,81.9589,21.609,7.229,27.736,20.506,0.865,54.41,1.712,70.801,7976161.0,3086435.0,3.901
Karnataka,29/10/2017,1510.66,1646.21,1582.85,-0.6122,22.0065,77.6944,14.994,5.767,19.979,14.212,2.397,67.696,2.967,44.175,13275095.0,3818959.0,3.832
West Bengal,06/11/2022,1596.55,1802.11,1676.79,-0.1208,23.1336,87.2795,14.907,11.577,24.22,12.642,5.849,67.721,4.419,84.457,11649728.0,3227377.0,3.274
Andhra Pradesh,09/02/2020,1912.49,2165.85,2016.14,1.997,16.9838,77.7076,16.775,12.342,33.856,21.514,0.772,59.324,3.257,80.041,10918669.0,3801658.0,3.441
Andhra Pradesh,25/09/2016,1552.4,1746.55,1672.97,0.224,16.9838,77.7076,18.581,4.461,16.738,12.277,0.19,80.289,4.378,85.537,13628186.0,3764107.0,4.46
Karnataka,01/03/2020,1786.07,1976.28,1904.08,1.8037,22.0065,77.6944,13.141,10.467,34.794,24.327,5.756,69.505,3.574,65.016,6531369.0,2501813.0,2.62
Andhra Pradesh,28/06/2020,1724.95,1975.79,1833.44,0.8061,16.9838,77.7076,22.417,9.299,27.777,18.479,1.471,53.388,4.265,46.871,13399019.0,3264511.0,3.11
Punjab,18/12/2016,1843.72,2103.12,1947.98,2.3432,27.2892,81.9589,20.582,11.364,27.184,15.82,0.284,47.735,4.676,58.822,11684319.0,3217545.0,3.344
West Bengal,03/04/2022,1745.69,1990.02,1859.47,0.7157,23.1336,87.2795,20.21,12.381,34.86,22.479,5.035,62.678,2.404,46.857,5158408.0,3580450.0,3.492
West Bengal,11/10/2020,1542.68,1679.89,1604.95,0.5225,23.1336,87.2795,14.789,3.277,17.171,13.894,0.141,81.045,4.288,63.168,10608648.0,1762273.0,3.307
West Bengal,31/01/2016,1553.79,1709.49,1613.42,-0.0276,23.1336,87.2795,22.149,14.11,34.322,20.213,5.974,49.435,3.769,55.281,10408349.0,3153996.0,2.517
West Bengal,05/01/2020,1670.74,1855.58,1727.71,-1.674,23.1336,87.2795,16.62,11.44,30.023,18.583,0.32,52.625,2.43,63.518,8721134.0,3401153.0,3.093
Andhra Pradesh,07/07/2019,1729.31,1954.72,1856.48,2.8093,16.9838,77.7076,21.687,9.16,25.696,16.536,0.997,70.33,1.941,40.073,12891866.0,2626919.0,4.363
Punjab,02/05/2021,2173.41,2372.39,2249.05,-1.5819,27.2892,81.9589,17.792,8.457,32.095,23.638,0.979,64.13,2.418,71.11,12598892.0,3908283.0,4.185
West Bengal,30/10/2022,1614.67,1824.84,1743.63,-0.8451,23.1336,87.2795,16.562,6.634,19.101,12.467,0.871,71.832,4.314,64.066,7885187.0,1905431.0,2.871
Punjab,11/09/2022,2068.66,2317.07,2171.21,-4.1329,27.2892,81.9589,18.72,12.215,24.214,11.999,3.156,61.078,1.783,47.985,11067040.0,3781522.0,2.551
West Bengal,26/03/2017,1605.5,1761.01,1682.51,2.3097,23.1336,87.2795,15.762,17.164,39.549,22.385,7.642,84.591,2.556,48.268,5710827.0,3261459.0,3.556
Karnataka,19/04/2015,1484.43,1675.58,1609.62,1.6135,22.0065,77.6944,23.994,12.237,36.84,24.603,1.302,46.056,3.552,44.18,7740676.0,3977150.0,3.909
West Bengal,09/10/2022,1625.18,1803.59,1683.71,-0.471,23.1336,87.2795,12.263,9.787,21.371,11.584,0.933,50.984,1.557,88.388,11328625.0,1032498.0,3.481
Andhra Pradesh,24/05/2015,1576.65,1800.08,1672.3,0.5503,16.9838,77.7076,13.668,11.618,32.266,20.648,0.021,57.492,3.933,70.08,7716431.0,3853302.0,3.115
Tamil Nadu,23/06/2019,1795.62,2035.87,1929.88,-2.3185,26.7596,74.6424,12.03,7.736,28.616,20.88,5.619,69.401,2.017,80.818,12170570.0,3274899.0,3.284
Andhra Pradesh,18/07/2021,1845.92,1978.8,1920.78,-1.5387,16.9838,77.7076,12.714,11.707,28.331,16.624,1.522,82.903,4.777,40.98,10262080.0,3486389.0,3.59
West Bengal,27/12/2020,1593.98,1811.03,1681.91,-0.1624,23.1336,87.2795,15.247,9.171,27.479,18.308,0.6,64.515,2.515,79.348,11177466.0,2111105.0,3.343
Punjab,15/11/2015,1703.64,1950.64,1837.13,2.5731,27.2892,81.9589,23.14,9.612,21.577,11.965,13.539,82.946,2.672,75.847,11630139.0,1106811.0,3.031
Karnataka,07/11/2021,1672.82,1843.28,1727.36,-2.2485,22.0065,77.6944,21.689,7.849,21.084,13.235,1.346,58.553,5.036,68.278,13529279.0,3010341.0,3.077
Andhra Pradesh,13/12/2020,1730.26,1897.14,1788.72,0.4167,16.9838,77.7076,12.334,10.845,28.188,17.343,0.372,47.983,4.718,46.898,6765850.0,2756200.0,4.415
Andhra Pradesh,17/12/2017,1646.33,1849.0,1725.48,-0.164,16.9838,77.7076,20.989,5.376,23.77,18.394,0.327,45.242,1.718,69.278,9971475.0,1811276.0,2.513
Tamil Nadu,16/01/2022,1875.97,2090.33,2018.89,0.8782,26.7596,74.6424,18.778,10.179,29.823,19.644,1.713,56.731,2.724,53.065,9607613.0,2959191.0,3.519
Tamil Nadu,06/08/2017,1650.83,1868.11,1763.39,1.0162,26.7596,74.6424,17.312,8.468,23.746,15.279,0.614,49.166,5.499,62.768,13725317.0,2447128.0,4.345
West Bengal,30/08/2020,1590.45,1767.16,1671.72,2.1916,23.1336,87.2795,15.367,9.758,21.18,11.422,0.787,80.207,5.265,59.338,5461510.0,2802695.0,3.335
Tamil Nadu,27/11/2016,1592.72,1787.35,1663.76,-1.8736,26.7596,74.6424,18.376,8.224,21.337,13.114,10.094,54.828,2.423,41.359,14585153.0,3130051.0,3.771
Punjab,14/04/2019,2054.38,2237.65,2166.57,-0.5936,27.2892,81.9589,18.726,12.589,35.817,23.229,19.361,62.987,2.945,45.322,14507943.0,3884379.0,3.123
West Bengal,27/09/2015,1386.62,1542.78,1470.53,1.092,23.1336,87.2795,20.945,8.202,18.917,10.715,3.168,52.749,3.178,52.099,11766240.0,2553093.0,4.154
West Bengal,12/06/2022,1704.74,1854.99,1780.07,1.2429,23.1336,87.2795,19.512,10.859,31.238,20.379,3.564,45.935,5.059,47.378,13296948.0,3064488.0,2.639
Punjab,31/12/2017,1872.13,2080.91,2012.77,-1.2958,27.2892,81.9589,19.448,6.711,26.586,19.875,3.502,78.787,4.024,66.918,14140083.0,3403792.0,4.265
West Bengal,22/03/2015,1543.81,1739.65,1612.15,0.9936,23.1336,87.2795,14.892,11.773,35.743,23.97,2.449,72.865,2.764,67.325,7376471.0,2988853.0,3.184
West Bengal,28/02/2016,1566.49,1776.16,1676.69,-1.5638,23.1336,87.2795,17.931,11.312,33.865,22.553,0.138,69.905,4.535,57.425,6439130.0,2067222.0,4.016
Tamil Nadu,15/07/2018,1767.84,1939.59,1862.08,0.5772,26.7596,74.6424,21.21,12.589,28.414,15.825,0.944,60.209,3.225,80.752,8208369.0,3274109.0,4.379
Andhra Pradesh,22/12/2019,1713.99,1923.79,1801.31,-0.0461,16.9838,77.7076,23.543,4.28,24.153,19.873,0.955,80.208,2.548,67.983,10393849.0,3306082.0,4.046
Punjab,15/07/2018,1939.23,2180.8,2046.5,-1.1923,27.2892,81.9589,14.549,10.166,26.948,16.782,0.051,78.532,4.759,48.127,11451809.0,3213201.0,3.615
Tamil Nadu,05/04/2015,1735.14,1945.79,1830.98,2.4167,26.7596,74.6424,23.815,16.404,38.979,22.576,1.985,74.35,4.5,57.325,6238698.0,1122841.0,4.055
Karnataka,20/05/2018,1578.79,1744.5,1672.56,0.3217,22.0065,77.6944,18.445,9.455,33.531,24.076,0.159,56.383,5.458,42.87,8193935.0,1964264.0,3.259
West Bengal,30/05/2021,1665.93,1847.07,1752.06,-1.6181,23.1336,87.2795,20.069,11.88,33.574,21.693,3.205,58.099,3.123,70.731,13522041.0,2844750.0,3.952
Andhra Pradesh,15/05/2022,1832.77,2110.4,1978.56,2.5532,16.9838,77.7076,17.402,15.419,37.424,22.005,0.709,78.102,1.987,59.162,12601662.0,2973518.0,3.37
Karnataka,24/04/2016,1517.91,1749.9,1643.8,-1.9394,22.0065,77.6944,15.302,9.348,33.521,24.173,0.975,53.554,2.293,66.189,6356263.0,2977858.0,2.71
Karnataka,08/03/2015,1607.89,1789.66,1671.57,-1.7319,22.0065,77.6944,13.837,7.919,32.08,24.161,4.494,63.746,4.235,78.031,7953135.0,1853951.0,3.482
West Bengal,02/07/2017,1489.21,1724.2,1599.41,-1.2392,23.1336,87.2795,21.165,12.291,28.159,15.868,1.057,72.316,1.865,77.684,7489219.0,1397216.0,4.466
West Bengal,29/09/2019,1512.62,1749.89,1620.43,0.2005,23.1336,87.2795,16.133,7.045,18.579,11.534,1.903,63.778,1.618,67.369,8040666.0,2713552.0,2.846
West Bengal,01/05/2016,1512.83,1703.89,1596.27,0.2565,23.1336,87.2795,12.983,13.523,35.439,21.916,0.467,77.586,2.108,81.2,7652657.0,2623816.0,3.024
Andhra Pradesh,24/04/2016,1674.15,1860.75,1727.5,-0.317,16.9838,77.7076,18.703,12.822,36.532,23.71,4.79,81.819,3.844,40.947,11806779.0,1279234.0,3.842
Punjab,25/07/2021,2007.04,2305.77,2169.67,-2.9085,27.2892,81.9589,17.114,7.969,24.795,16.826,0.646,63.622,4.074,67.057,6642414.0,2473866.0,3.421
Andhra Pradesh,06/03/2022,2017.77,2174.57,2088.84,0.6641,16.9838,77.7076,21.889,10.75,33.121,22.371,1.561,51.41,3.459,48.022,11026139.0,2942710.0,3.053
Karnataka,04/06/2017,1590.06,1818.26,1691.71,-0.6832,22.0065,77.6944,23.674,9.866,31.317,21.452,7.634,53.08,5.28,87.357,11661314.0,3571841.0,3.622
Punjab,15/05/2016,1944.04,2083.32,2007.9,0.2629,27.2892,81.9589,14.98,10.853,32.89,22.038,1.909,76.069,3.089,72.922,14090736.0,3444427.0,3.33
Punjab,19/04/2020,2049.88,2235.43,2135.33,-1.486,27.2892,81.9589,19.24,10.433,33.293,22.86,0.071,74.375,2.023,83.863,14483303.0,3085768.0,3.566
West Bengal,29/04/2018,1572.55,1752.02,1662.58,0.3519,23.1336,87.2795,17.702,13.033,34.767,21.734,0.57,59.839,5.411,83.075,10024106.0,3509358.0,2.798
Andhra Pradesh,01/03/2015,1681.11,1818.03,1752.99,0.3657,16.9838,77.7076,17.554,15.577,37.524,21.947,2.271,47.066,2.942,40.739,12184847.0,1238353.0,3.177
Karnataka,24/10/2021,1620.29,1838.85,1740.39,-1.4479,22.0065,77.6944,16.054,7.768,21.192,13.424,1.772,51.041,2.058,75.573,7216380.0,1353931.0,4.498
Tamil Nadu,27/10/2019,1741.58,1902.64,1809.34,2.0046,26.7596,74.6424,21.592,8.216,20.612,12.396,3.723,54.957,4.338,77.846,14362785.0,3720707.0,3.647
Karnataka,30/06/2019,1684.87,1872.19,1760.45,1.5736,22.0065,77.6944,22.36,8.295,27.659,19.364,1.82,71.718,4.159,73.11,10251647.0,2391765.0,3.919
Andhra Pradesh,01/01/2017,1683.91,1860.69,1763.61,4.6626,16.9838,77.7076,17.695,9.216,29.389,20.173,2.275,48.262,5.479,82.988,8179658.0,3611730.0,3.863
West Bengal,19/11/2017,1452.02,1571.44,1521.6,0.6918,23.1336,87.2795,15.533,9.395,23.832,14.438,2.112,81.427,2.264,75.71,13741376.0,3636703.0,3.418
Karnataka,16/09/2018,1607.36,1796.97,1667.2,0.0451,22.0065,77.6944,14.483,7.702,19.572,11.87,1.29,60.497,4.913,69.798,5675534.0,2418937.0,2.681
Karnataka,21/03/2021,1795.52,2003.21,1907.76,1.2467,22.0065,77.6944,20.13,14.35,37.808,23.458,4.461,61.843,2.546,44.343,12766560.0,2245829.0,3.518
Tamil Nadu,22/12/2019,1716.3,1923.78,1838.49,-1.1364,26.7596,74.6424,19.492,12.816,29.082,16.267,1.168,69.837,3.155,63.509,7903093.0,2319560.0,3.871
Andhra Pradesh,20/09/2020,1674.21,1898.35,1798.55,2.3828,16.9838,77.7076,14.84,6.006,19.9,13.894,0.377,63.549,1.606,43.037,14195154.0,3870155.0,3.782
West Bengal,11/10/2015,1338.05,1497.53,1395.72,-1.4538,23.1336,87.2795,16.037,10.194,21.591,11.398,3.871,81.879,4.524,64.115,7511223.0,2575082.0,3.295
Punjab,06/03/2022,2125.67,2366.3,2267.65,2.4123,27.2892,81.9589,23.848,11.406,35.597,24.191,0.805,82.931,2.822,75.205,8817344.0,1255157.0,4.372
Punjab,27/10/2019,1831.12,2109.06,1971.44,-0.6646,27.2892,81.9589,20.257,8.252,19.796,11.543,0.492,58.062,1.843,70.087,14981488.0,2124264.0,2.826
Tamil Nadu,05/12/2021,1823.52,2063.55,1947.71,1.0696,26.7596,74.6424,15.621,11.076,26.416,15.34,0.073,61.604,4.095,76.675,8663722.0,3238845.0,2.748
West Bengal,14/02/2021,1763.83,1964.66,1848.15,0.3744,23.1336,87.2795,22.395,12.298,33.832,21.534,0.616,51.162,2.65,88.683,9077464.0,1710316.0,3.548
West Bengal,26/01/2020,1646.37,1896.08,1772.9,2.2237,23.1336,87.2795,16.702,9.155,30.274,21.118,4.283,70.424,3.608,70.53,6077509.0,1376197.0,3.953
Punjab,25/09/2022,2058.63,2201.82,2126.37,1.6447,27.2892,81.9589,16.095,8.454,21.708,13.254,2.76,70.948,2.462,79.29,5912625.0,3454417.0,2.924
Karnataka,26/06/2016,1544.01,1766.93,1643.53,0.2059,22.0065,77.6944,17.859,11.837,31.322,19.485,0.785,81.077,3.687,54.253,13779269.0,1163321.0,3.128
Andhra Pradesh,28/08/2016,1602.09,1792.61,1677.11,1.7532,16.9838,77.7076,13.405,12.854,24.535,11.681,0.051,66.191,4.362,45.443,9292959.0,1768532.0,3.634
Punjab,18/03/2018,2061.15,2235.47,2137.92,0.073,27.2892,81.9589,16.544,13.551,38.218,24.666,5.901,58.938,1.505,44.697,12710123.0,1252016.0,3.699
Punjab,15/02/2015,1962.1,2211.49,2047.68,0.5434,27.2892,81.9589,14.428,11.112,33.736,22.624,0.482,51.177,3.317,83.927,9487233.0,3005441.0,3.253
Andhra Pradesh,18/03/2018,1786.95,2038.09,1891.09,-2.0077,16.9838,77.7076,19.124,9.505,34.822,25.316,0.888,54.778,5.146,50.752,5323060.0,1798681.0,3.461
Andhra Pradesh,31/01/2016,1679.01,1912.39,1781.99,0.5293,16.9838,77.7076,23.443,9.752,30.113,20.361,0.503,56.848,3.352,72.087,12027985.0,3358049.0,3.492
Punjab,08/05/2016,1941.38,2126.32,2052.79,0.8279,27.2892,81.9589,13.314,14.973,35.546,20.573,0.111,56.939,4.803,75.033,5070144.0,1550685.0,4.0
Andhra Pradesh,24/01/2021,1916.16,2110.26,1982.05,1.9227,16.9838,77.7076,22.085,12.091,30.423,18.333,1.621,77.446,4.129,83.213,11240082.0,1794625.0,2.582
Tamil Nadu,30/04/2017,1703.88,1897.67,1841.17,2.3626,26.7596,74.6424,17.479,8.826,33.03,24.204,0.25,77.412,3.011,66.522,10935156.0,1065494.0,3.53
Tamil Nadu,26/07/2020,1768.32,2046.48,1918.67,0.3025,26.7596,74.6424,12.806,10.306,24.493,14.187,0.734,60.372,4.973,66.85,11553069.0,3349039.0,4.156
West Bengal,08/07/2018,1511.74,1678.62,1562.53,2.3164,23.1336,87.2795,23.269,8.814,26.18,17.366,3.59,74.713,3.721,78.813,12637525.0,3275213.0,3.357
Karnataka,03/07/2016,1600.59,1769.12,1695.84,-0.1213,22.0065,77.6944,12.442,11.805,27.907,16.101,0.973,83.118,3.802,64.448,8843238.0,3125260.0,2.783
Karnataka,12/08/2018,1648.5,1791.96,1712.27,-1.0727,22.0065,77.6944,18.714,7.036,20.969,13.933,1.392,64.097,3.901,46.783,9088472.0,1533015.0,3.06
Punjab,09/07/2017,1847.3,2106.2,1963.64,1.432,27.2892,81.9589,20.312,11.315,28.432,17.117,4.105,75.763,2.87,75.317,7069848.0,1174495.0,4.083
Punjab,29/05/2022,2043.97,2250.24,2181.7,1.1094,27.2892,81.9589,23.179,8.623,31.462,22.839,2.577,45.226,5.103,48.698,10613587.0,3034423.0,3.218
Andhra Pradesh,28/11/2021,1815.03,2008.49,1898.82,1.1012,16.9838,77.7076,17.637,7.225,23.266,16.04,0.032,76.593,4.438,42.526,9996947.0,3884618.0,3.069
West Bengal,05/06/2022,1633.62,1831.7,1736.5,-1.1497,23.1336,87.2795,21.669,11.111,33.121,22.01,5.576,56.633,5.224,80.896,13860203.0,1179096.0,4.168
Tamil Nadu,19/03/2017,1736.18,2002.33,1869.2,-0.8319,26.7596,74.6424,14.416,9.078,33.466,24.388,0.792,45.714,5.2,87.596,5120519.0,3289058.0,4.44
Tamil Nadu,05/06/2022,1965.78,2122.31,2030.31,0.4607,26.7596,74.6424,15.059,13.597,34.246,20.65,0.342,65.273,1.951,71.302,13748991.0,2087557.0,2.837
Karnataka,10/06/2018,1588.31,1828.48,1714.55,0.6078,22.0065,77.6944,20.067,10.943,29.711,18.768,0.661,72.749,2.043,70.411,12768767.0,3596550.0,2.992
Andhra Pradesh,14/11/2021,1674.72,1854.96,1781.39,0.8899,16.9838,77.7076,16.205,6.047,20.867,14.82,5.15,53.302,2.899,86.591,13846808.0,1879510.0,3.466
West Bengal,13/09/2020,1530.35,1730.84,1648.72,-1.357,23.1336,87.2795,16.519,6.181,19.988,13.806,2.504,74.342,4.043,70.564,10577788.0,1602785.0,3.709
Tamil Nadu,23/01/2022,1991.17,2183.58,2071.78,0.3951,26.7596,74.6424,15.097,8.228,30.32,22.092,11.021,75.069,5.003,70.104,9229059.0,2279905.0,2.888
Andhra Pradesh,29/03/2015,1654.26,1835.23,1761.44,-0.4351,16.9838,77.7076,15.869,10.313,34.689,24.376,5.846,52.07,2.555,45.06,8314600.0,3823725.0,3.26
Andhra Pradesh,16/12/2018,1753.98,1934.8,1808.26,-1.053,16.9838,77.7076,20.1,10.533,25.425,14.892,3.343,65.282,1.997,75.478,11014749.0,2456050.0,3.05
West Bengal,04/07/2021,1738.09,1889.68,1794.39,4.3358,23.1336,87.2795,17.103,13.724,30.244,16.52,5.792,81.341,2.167,77.362,5207395.0,1830580.0,3.605
Andhra Pradesh,30/08/2020,1844.96,2002.89,1928.93,0.9655,16.9838,77.7076,12.309,7.765,20.09,12.325,3.107,64.207,3.1,88.575,12922456.0,1234560.0,2.818
Karnataka,11/06/2017,1576.63,1690.52,1636.87,1.4552,22.0065,77.6944,13.624,7.613,29.417,21.805,1.798,54.29,5.308,67.966,13977307.0,1834175.0,2.552
Karnataka,18/12/2016,1535.66,1741.01,1629.28,1.4415,22.0065,77.6944,19.59,7.838,24.825,16.986,0.372,84.677,2.195,86.767,9015710.0,2403979.0,3.557
West Bengal,22/01/2017,1516.7,1680.89,1601.53,3.9107,23.1336,87.2795,16.709,14.003,33.276,19.273,0.191,60.795,5.107,58.671,12309325.0,2841206.0,3.271
Andhra Pradesh,20/06/2021,1859.7,2086.82,1957.39,-1.605,16.9838,77.7076,12.726,11.82,30.876,19.055,1.578,75.75,4.517,77.694,5152147.0,3415452.0,3.378
Karnataka,18/11/2018,1534.92,1697.46,1641.79,0.6522,22.0065,77.6944,23.026,11.11,24.241,13.131,6.615,70.004,3.63,68.478,11386904.0,3479739.0,3.694
Karnataka,21/07/2019,1633.21,1851.27,1732.43,-0.7556,22.0065,77.6944,15.353,14.189,28.505,14.316,4.131,65.71,2.21,68.154,14483201.0,3116549.0,3.098
Karnataka,19/07/2015,1455.91,1695.18,1577.47,1.649,22.0065,77.6944,17.475,9.249,26.756,17.506,0.791,58.717,1.993,76.089,10566699.0,1702310.0,3.746
Andhra Pradesh,01/05/2016,1607.46,1824.02,1729.45,3.29,16.9838,77.7076,15.604,14.419,37.344,22.925,0.348,53.907,4.932,63.227,11610734.0,2544667.0,4.168
Punjab,08/09/2019,1915.06,2084.56,2000.26,0.2003,27.2892,81.9589,17.153,5.528,18.826,13.298,5.274,58.221,1.538,73.003,7000631.0,2628505.0,2.53
Andhra Pradesh,18/09/2016,1570.99,1778.7,1665.99,-1.0135,16.9838,77.7076,14.853,8.207,19.642,11.435,7.232,72.571,3.407,53.77,6365818.0,1112264.0,4.205
West Bengal,08/03/2020,1659.94,1920.67,1802.98,3.9011,23.1336,87.2795,19.675,15.771,37.915,22.144,0.908,53.484,4.012,61.702,5645230.0,3467029.0,3.032
Andhra Pradesh,17/07/2022,1794.55,2053.45,1912.79,2.8141,16.9838,77.7076,16.417,6.664,24.714,18.051,5.579,72.245,3.206,57.162,7103049.0,1189625.0,3.535
Punjab,02/10/2016,1744.63,1946.62,1868.6,-0.854,27.2892,81.9589,22.571,9.394,22.045,12.651,1.007,54.75,3.647,59.282,12901975.0,3971337.0,3.553
Andhra Pradesh,15/07/2018,1781.09,1990.26,1856.16,-0.1008,16.9838,77.7076,16.674,13.144,28.185,15.041,4.438,56.848,3.056,56.128,9475984.0,2333460.0,3.514
Andhra Pradesh,13/03/2016,1685.38,1884.29,1812.77,1.0819,16.9838,77.7076,23.175,9.591,33.661,24.07,8.034,75.032,2.966,83.663,10819371.0,2799505.0,4.005
Karnataka,10/07/2022,1764.53,1992.2,1874.77,-0.6331,22.0065,77.6944,22.484,10.35,26.761,16.411,3.303,62.292,2.932,80.794,12570603.0,2197000.0,3.183
Punjab,31/05/2015,1763.18,1992.82,1890.05,-2.6925,27.2892,81.9589,19.719,8.772,29.868,21.096,2.951,63.223,3.063,51.571,7180625.0,3208330.0,2.661
Tamil Nadu,12/04/2020,1845.9,2091.9,1992.98,1.0545,26.7596,74.6424,22.162,12.497,36.01,23.512,4.399,77.862,3.27,77.675,6352819.0,3773951.0,3.461
Punjab,29/01/2017,1889.38,2141.26,2052.92,-2.8141,27.2892,81.9589,13.694,12.343,31.805,19.462,0.831,74.562,3.125,47.424,7300004.0,3383806.0,3.747
Punjab,14/06/2015,1801.61,1991.74,1924.04,-1.1281,27.2892,81.9589,16.809,7.685,27.298,19.613,0.754,82.545,2.459,73.304,6525459.0,3141259.0,2.523
Andhra Pradesh,11/09/2022,1778.6,2050.38,1902.29,-1.023,16.9838,77.7076,23.073,8.301,20.648,12.347,5.699,78.16,5.357,62.682,14068963.0,1129222.0,2.716
Andhra Pradesh,15/08/2021,1765.94,2005.6,1898.92,1.9045,16.9838,77.7076,15.495,12.67,25.064,12.394,1.345,66.713,2.435,56.889,9524372.0,2158907.0,4.136
Andhra Pradesh,13/09/2020,1747.26,1950.73,1864.77,-0.5302,16.9838,77.7076,20.062,8.396,19.456,11.06,0.391,71.753,5.264,63.654,13817704.0,2331830.0,3.455
Punjab,05/02/2017,1903.35,2159.61,2018.6,-0.5034,27.2892,81.9589,14.03,13.234,32.47,19.236,1.742,58.335,2.242,87.697,9830984.0,2824229.0,2.742
Karnataka,11/03/2018,1704.65,1909.43,1794.49,0.8496,22.0065,77.6944,18.832,11.625,34.7,23.075,0.88,82.853,4.941,54.402,10288145.0,2501899.0,4.42
West Bengal,11/07/2021,1606.86,1787.69,1721.28,-1.9471,23.1336,87.2795,13.563,8.82,24.788,15.968,3.841,77.851,2.65,85.384,7452291.0,2475892.0,2.835
Punjab,21/11/2021,2102.93,2338.04,2168.61,-0.3984,27.2892,81.9589,13.741,8.026,24.817,16.791,0.742,80.824,1.909,57.007,10303465.0,2840352.0,3.691
Tamil Nadu,20/03/2016,1806.94,1977.67,1867.77,0.8493,26.7596,74.6424,14.044,11.874,36.636,24.762,3.501,64.946,3.475,88.544,8807324.0,2192575.0,3.67
Tamil Nadu,13/09/2020,1773.6,1926.57,1865.12,-1.034,26.7596,74.6424,18.612,9.866,22.765,12.899,0.024,74.658,4.86,86.018,6017685.0,3819161.0,2.635
Punjab,18/11/2018,1858.95,2036.24,1947.76,0.6963,27.2892,81.9589,13.819,11.018,23.006,11.988,0.898,62.59,1.512,67.119,7983029.0,2657436.0,4.371
Punjab,28/03/2021,2092.91,2292.27,2186.79,-0.7156,27.2892,81.9589,21.887,12.535,38.097,25.562,4.319,53.726,5.381,87.349,11198205.0,3951643.0,3.506
Punjab,20/03/2022,2280.72,2487.15,2371.91,1.8545,27.2892,81.9589,13.452,11.749,36.756,25.007,0.744,48.244,4.015,58.363,14957783.0,2526470.0,3.598
Andhra Pradesh,06/05/2018,1712.73,1939.63,1800.74,0.7738,16.9838,77.7076,23.671,11.913,35.251,23.338,0.822,66.478,2.485,70.32,5370266.0,1714998.0,3.101
West Bengal,14/08/2016,1444.28,1599.43,1507.78,0.7924,23.1336,87.2795,15.723,5.975,21.652,15.676,3.56,65.284,3.486,45.672,7183830.0,2081468.0,3.898
Tamil Nadu,24/01/2021,1894.0,2174.79,2025.29,-0.4724,26.7596,74.6424,16.37,8.694,30.286,21.592,4.716,52.626,4.785,43.953,9892291.0,1225992.0,3.856
Karnataka,18/03/2018,1721.98,1849.75,1781.79,0.6819,22.0065,77.6944,13.268,11.011,35.944,24.933,2.521,59.627,5.371,60.77,6361876.0,3502000.0,4.142
Karnataka,23/08/2015,1456.38,1629.82,1517.16,0.5748,22.0065,77.6944,14.92,9.353,22.982,13.628,0.222,68.643,5.139,73.894,8172486.0,2928665.0,4.164
Karnataka,26/04/2020,1734.93,1879.0,1812.45,1.8458,22.0065,77.6944,16.026,13.667,36.442,22.776,2.409,63.019,2.072,88.824,5154921.0,1030219.0,3.247
Andhra Pradesh,24/06/2018,1728.85,1856.57,1784.6,-1.2182,16.9838,77.7076,18.909,11.937,29.825,17.889,1.296,68.265,2.951,87.12,7552022.0,3504884.0,4.294
Tamil Nadu,22/11/2020,1819.85,2017.25,1909.56,-1.7219,26.7596,74.6424,13.788,4.912,19.749,14.838,1.277,46.798,4.798,61.046,9147542.0,1981513.0,4.439
Tamil Nadu,01/05/2022,1862.02,2100.67,1976.36,-0.4668,26.7596,74.6424,20.78,11.716,36.761,25.045,0.233,78.199,2.317,87.197,6555458.0,1387493.0,4.124
Tamil Nadu,14/06/2015,1587.11,1840.09,1714.68,-0.0181,26.7596,74.6424,18.098,11.581,31.345,19.764,1.751,58.324,3.225,79.029,13412037.0,1781046.0,3.145
Punjab,12/02/2017,2058.11,2237.01,2129.24,-0.3249,27.2892,81.9589,15.65,7.878,30.683,22.805,3.741,82.079,4.0,75.558,13759845.0,3776273.0,2.917
Tamil Nadu,21/10/2018,1622.0,1831.9,1756.89,-2.3999,26.7596,74.6424,23.824,7.714,20.44,12.726,3.924,69.711,1.52,49.216,11355413.0,2139158.0,4.349
Tamil Nadu,13/12/2015,1628.77,1815.26,1686.74,-1.4334,26.7596,74.6424,23.738,9.278,24.417,15.139,4.264,75.587,4.55,64.03,9564522.0,1720679.0,3.79
Tamil Nadu,29/04/2018,1721.15,1961.58,1832.2,-1.4353,26.7596,74.6424,17.621,10.192,34.227,24.035,4.996,54.198,2.182,72.14,14719943.0,1741770.0,2.999
Tamil Nadu,20/09/2020,1667.24,1861.12,1805.31,0.3392,26.7596,74.6424,18.135,8.665,22.224,13.56,2.166,50.097,1.998,68.427,7342956.0,3190641.0,4.399
Karnataka,08/02/2015,1490.4,1706.63,1608.06,1.2969,22.0065,77.6944,13.6,13.38,34.317,20.937,3.038,75.359,4.673,47.776,10568671.0,3441035.0,2.822
Karnataka,23/01/2022,1737.34,1998.42,1877.27,-0.1549,22.0065,77.6944,13.756,9.019,28.52,19.501,1.19,75.036,2.301,41.769,14058634.0,3628955.0,2.87
Punjab,29/08/2021,1978.85,2179.94,2073.65,0.5188,27.2892,81.9589,23.977,11.792,24.691,12.899,5.341,84.304,2.076,64.596,13957742.0,3025475.0,3.369
Punjab,13/11/2022,1985.65,2269.56,2145.44,-0.5155,27.2892,81.9589,16.094,9.367,23.917,14.55,0.14,82.808,2.067,63.753,10446771.0,1711262.0,2.855
Punjab,30/07/2017,1815.71,2094.23,1955.53,-0.2698,27.2892,81.9589,23.324,9.384,23.97,14.586,12.589,81.353,3.898,53.371,13072584.0,3104786.0,4.454
Tamil Nadu,15/05/2016,1613.64,1818.13,1736.17,-1.6121,26.7596,74.6424,23.368,9.201,31.358,22.157,1.048,77.359,5.398,44.037,11516695.0,3614227.0,3.768
Tamil Nadu,09/01/2022,1853.78,2112.02,2003.77,1.5635,26.7596,74.6424,13.652,10.115,27.814,17.699,0.011,52.719,2.444,80.012,14154384.0,2217833.0,3.31
West Bengal,25/09/2016,1491.2,1587.69,1538.66,2.1616,23.1336,87.2795,18.3,6.56,20.343,13.783,0.118,58.19,3.192,64.713,7334561.0,1102301.0,3.088
West Bengal,22/11/2020,1458.16,1681.64,1583.47,-1.083,23.1336,87.2795,18.004,9.092,24.161,15.07,0.227,50.793,2.345,71.388,9860595.0,1306620.0,3.503
West Bengal,21/07/2019,1506.67,1683.02,1623.82,1.1506,23.1336,87.2795,22.283,10.604,24.529,13.925,1.598,63.283,3.839,46.952,13488106.0,2256635.0,4.227
Karnataka,25/09/2016,1431.44,1594.15,1505.08,2.0816,22.0065,77.6944,18.542,4.558,18.335,13.777,0.325,72.932,4.365,65.624,13703876.0,3017310.0,3.225
Andhra Pradesh,16/09/2018,1653.59,1867.85,1746.73,-2.6385,16.9838,77.7076,21.713,3.761,18.307,14.546,2.373,66.182,1.592,50.11,8697126.0,3823667.0,3.777
Punjab,04/08/2019,1971.27,2182.28,2090.29,0.4393,27.2892,81.9589,18.947,7.368,22.699,15.331,2.749,74.429,1.885,60.042,5052959.0,1923821.0,3.839
Karnataka,15/04/2018,1667.85,1844.58,1737.88,-0.8532,22.0065,77.6944,21.63,13.872,37.087,23.215,1.853,83.032,3.598,41.129,7600133.0,2865189.0,2.814
Punjab,01/01/2017,1900.91,2118.33,1994.72,-0.306,27.2892,81.9589,23.59,8.971,26.44,17.468,2.892,76.349,4.132,65.909,5420951.0,2972485.0,3.785
West Bengal,16/09/2018,1546.54,1727.89,1616.93,-0.7099,23.1336,87.2795,12.469,8.351,19.029,10.678,1.914,54.188,4.294,74.166,7970335.0,3380626.0,3.123
Andhra Pradesh,17/04/2016,1667.16,1828.46,1763.6,-0.7791,16.9838,77.7076,18.345,14.187,36.724,22.537,10.461,77.41,3.151,84.428,9746738.0,2371447.0,3.811
Tamil Nadu,01/12/2019,1714.16,1938.15,1850.35,-1.1115,26.7596,74.6424,14.659,8.892,22.457,13.565,0.806,45.932,2.114,68.116,11530901.0,2946735.0,4.057
Karnataka,31/07/2022,1787.28,1995.22,1889.41,-1.4938,22.0065,77.6944,19.355,9.011,23.656,14.645,4.254,57.069,3.448,40.182,13598143.0,1917712.0,3.043
Andhra Pradesh,09/10/2022,1751.02,1991.75,1863.54,1.0785,16.9838,77.7076,12.548,6.121,19.785,13.664,0.837,53.614,4.415,45.066,5084951.0,3027110.0,3.502
Andhra Pradesh,15/04/2018,1666.62,1867.55,1805.2,0.787,16.9838,77.7076,23.645,7.554,33.147,25.593,0.842,77.682,1.578,56.091,14061924.0,1555122.0,3.068
Punjab,27/12/2020,2013.86,2219.92,2102.21,-3.2503,27.2892,81.9589,23.519,10.934,28.624,17.69,2.271,73.191,4.541,84.955,14643088.0,1246824.0,4.495
Tamil Nadu,24/05/2015,1612.65,1787.76,1722.69,3.5739,26.7596,74.6424,18.738,11.74,31.851,20.112,0.54,76.353,3.254,63.813,14947017.0,3023792.0,4.129
Karnataka,25/01/2015,1584.08,1723.0,1644.16,-1.1615,22.0065,77.6944,14.468,10.62,31.048,20.428,5.997,73.082,5.025,42.58,14733319.0,3111453.0,3.069
West Bengal,29/05/2016,1493.03,1713.41,1599.07,-0.8146,23.1336,87.2795,21.106,9.948,30.076,20.128,0.224,69.157,2.145,57.614,11217554.0,1080305.0,2.877
West Bengal,01/03/2015,1431.09,1615.78,1528.23,-0.7586,23.1336,87.2795,21.138,13.291,35.844,22.552,1.89,53.474,2.926,73.562,5534342.0,2026502.0,2.532
West Bengal,13/12/2015,1373.57,1539.53,1462.99,-1.3103,23.1336,87.2795,16.017,9.32,26.257,16.937,0.108,80.521,2.504,72.122,8266337.0,3854368.0,2.879
Karnataka,24/12/2017,1651.2,1776.58,1711.48,-0.2976,22.0065,77.6944,22.812,11.561,26.748,15.187,3.869,59.916,3.715,89.07,6196305.0,3270847.0,3.169
Punjab,22/05/2016,1839.63,2058.02,1995.87,1.8611,27.2892,81.9589,21.931,12.662,34.582,21.92,0.327,56.411,4.016,49.212,8031163.0,2400738.0,2.956
Punjab,17/01/2016,1836.1,2107.74,1985.19,0.8286,27.2892,81.9589,12.924,15.497,33.199,17.702,4.287,67.055,3.792,63.683,12423593.0,3976566.0,3.052
Andhra Pradesh,27/03/2016,1763.57,1975.31,1838.24,-0.209,16.9838,77.7076,23.094,13.038,37.352,24.313,0.064,72.068,4.628,61.257,5109745.0,3061105.0,3.185
Punjab,16/09/2018,1897.99,2102.09,1962.91,0.8929,27.2892,81.9589,17.579,8.271,19.749,11.478,1.781,80.808,2.265,53.715,8644205.0,3639547.0,4.355
West Bengal,28/11/2021,1618.07,1829.43,1711.07,0.7487,23.1336,87.2795,14.704,6.363,23.429,17.066,3.19,73.042,3.153,62.118,6235450.0,2408257.0,4.423
West Bengal,24/07/2022,1683.9,1840.58,1786.52,0.6498,23.1336,87.2795,22.848,9.761,25.743,15.981,8.153,62.142,4.834,75.427,10117449.0,1231397.0,2.836
West Bengal,13/08/2017,1473.49,1686.86,1595.05,0.7656,23.1336,87.2795,21.807,5.066,21.37,16.304,0.677,79.891,5.163,78.959,5075968.0,1261649.0,4.495
Tamil Nadu,08/03/2020,1846.31,2146.06,1991.35,0.4446,26.7596,74.6424,18.263,12.584,34.762,22.178,1.702,48.054,2.309,42.739,6393974.0,2480452.0,3.804
West Bengal,15/03/2020,1649.85,1930.65,1787.86,-1.6448,23.1336,87.2795,14.464,10.403,36.468,26.065,0.896,69.122,1.512,55.007,10363303.0,3083431.0,3.127
Andhra Pradesh,21/07/2019,1690.39,1911.15,1830.59,-0.4906,16.9838,77.7076,23.506,10.041,25.783,15.742,0.663,48.135,3.554,53.344,5321180.0,1966904.0,2.755
Karnataka,11/04/2021,1802.28,2081.95,1938.52,-0.1847,22.0065,77.6944,19.01,13.654,36.106,22.452,3.451,57.08,4.21,87.978,12776337.0,2458488.0,3.381
Tamil Nadu,20/11/2022,1760.82,1924.76,1861.94,-0.7622,26.7596,74.6424,20.598,9.248,23.39,14.142,2.608,76.752,2.701,50.095,8507340.0,2230152.0,3.892
Andhra Pradesh,05/02/2017,1729.75,1930.89,1809.92,-1.1032,16.9838,77.7076,14.018,10.354,31.433,21.079,1.506,68.837,3.56,68.38,5828871.0,3221311.0,2.622
Tamil Nadu,28/06/2015,1573.47,1768.06,1707.39,-3.3709,26.7596,74.6424,14.9,9.424,28.719,19.295,4.77,68.608,4.898,40.237,13533695.0,2857357.0,2.825
Andhra Pradesh,25/09/2022,1811.72,1986.61,1899.08,-1.1278,16.9838,77.7076,22.056,6.046,18.434,12.388,1.943,50.775,4.518,41.011,7747330.0,2614221.0,3.376
Tamil Nadu,03/07/2016,1710.92,1886.7,1784.92,0.5858,26.7596,74.6424,15.849,11.337,29.113,17.775,4.499,71.914,3.239,51.432,12219068.0,1506619.0,4.373
Andhra Pradesh,27/12/2015,1689.79,1919.03,1780.53,1.0049,16.9838,77.7076,12.666,8.559,27.152,18.593,0.688,51.272,4.282,40.287,14808671.0,3567000.0,3.481
Tamil Nadu,16/08/2015,1602.1,1807.45,1693.82,-4.0093,26.7596,74.6424,21.396,8.595,22.399,13.804,0.814,49.185,5.116,83.279,12980974.0,1299587.0,2.909
Karnataka,25/07/2021,1660.5,1856.14,1776.79,1.3783,22.0065,77.6944,23.228,8.678,25.265,16.587,3.048,68.411,2.706,75.133,6014413.0,1214925.0,3.989
Punjab,24/01/2016,1923.18,2102.29,2007.15,-0.6229,27.2892,81.9589,17.351,11.225,30.562,19.337,3.453,78.161,3.556,63.759,7669746.0,2547714.0,3.025
Karnataka,10/04/2016,1539.81,1763.43,1659.01,-0.5899,22.0065,77.6944,15.25,13.454,35.624,22.17,6.204,64.708,4.684,87.799,6306705.0,3651740.0,3.91
Andhra Pradesh,21/04/2019,1749.42,2010.71,1878.6,-1.0914,16.9838,77.7076,12.679,9.698,34.053,24.355,0.754,79.337,2.61,75.986,5938001.0,3791601.0,3.399
Tamil Nadu,18/02/2018,1819.75,2035.99,1900.42,0.8329,26.7596,74.6424,19.439,12.383,34.161,21.778,2.257,79.359,1.989,86.309,5260174.0,3508599.0,2.653
Tamil Nadu,25/11/2018,1693.7,1880.05,1802.74,-0.817,26.7596,74.6424,23.438,10.356,23.956,13.601,0.792,83.375,4.543,72.047,11760190.0,1994423.0,3.793
West Bengal,27/10/2019,1463.04,1639.5,1573.41,-0.3471,23.1336,87.2795,16.544,10.02,21.877,11.857,0.438,77.503,1.683,59.681,9154428.0,1752751.0,3.384
Karnataka,19/06/2022,1768.66,1923.65,1856.77,-1.3728,22.0065,77.6944,20.315,12.625,33.025,20.4,1.848,51.354,1.797,84.326,6322093.0,1105258.0,3.942
West Bengal,10/07/2016,1459.66,1567.96,1519.87,0.744,23.1336,87.2795,17.711,8.602,25.872,17.27,0.207,72.542,3.431,83.005,7086319.0,1006899.0,2.761
Andhra Pradesh,04/08/2019,1736.21,1889.95,1791.96,-0.306,16.9838,77.7076,21.499,9.947,24.525,14.578,1.049,65.314,4.887,60.19,10569778.0,1358650.0,2.612
Tamil Nadu,08/11/2020,1674.46,1882.1,1806.51,-0.6637,26.7596,74.6424,15.698,10.384,21.908,11.523,2.772,78.254,2.988,68.792,10673606.0,3486213.0,2.973
Punjab,19/07/2015,1863.49,2093.7,1961.21,0.1807,27.2892,81.9589,15.951,7.474,24.642,17.169,0.352,63.811,3.517,78.533,11402896.0,3613776.0,4.066
West Bengal,23/12/2018,1578.21,1713.37,1627.14,-0.3054,23.1336,87.2795,23.704,10.772,28.804,18.032,2.692,52.87,4.717,65.793,12873694.0,2795658.0,2.955
West Bengal,28/08/2022,1654.81,1932.15,1789.24,0.0516,23.1336,87.2795,22.109,10.027,22.38,12.354,5.956,83.291,2.852,58.042,13403779.0,3132058.0,3.701
Tamil Nadu,09/09/2018,1730.02,1891.66,1791.53,-1.2263,26.7596,74.6424,13.884,8.736,21.321,12.586,0.02,54.918,5.156,79.863,14697937.0,1302285.0,3.684
Andhra Pradesh,08/01/2017,1660.16,1810.17,1719.85,-1.3182,16.9838,77.7076,15.594,9.518,28.178,18.661,0.081,83.588,3.487,42.995,13357066.0,1681690.0,4.258
Andhra Pradesh,10/04/2016,1622.4,1810.5,1745.12,-0.6517,16.9838,77.7076,13.464,9.618,32.991,23.373,1.313,61.68,3.816,41.168,5000192.0,3451746.0,3.451
Andhra Pradesh,13/01/2019,1748.11,1981.89,1898.68,-1.6277,16.9838,77.7076,16.038,8.924,29.379,20.454,0.726,64.829,2.417,67.982,9006558.0,3690524.0,4.356
Tamil Nadu,10/03/2019,1860.97,2077.24,1970.16,2.1405,26.7596,74.6424,21.076,8.43,33.445,25.015,3.02,64.169,1.606,87.125,8191740.0,1767817.0,4.499
Karnataka,22/07/2018,1577.22,1761.34,1643.88,0.1444,22.0065,77.6944,14.856,12.465,27.466,15.001,0.208,51.643,3.07,49.652,10955393.0,1304846.0,3.04
West Bengal,15/05/2022,1668.47,1903.8,1771.79,-2.9787,23.1336,87.2795,16.572,13.862,38.1,24.237,2.91,59.51,3.119,78.668,9550628.0,2821257.0,3.385
Tamil Nadu,26/09/2021,1818.77,2020.32,1931.28,-1.4431,26.7596,74.6424,12.306,5.754,20.301,14.548,0.085,79.066,1.686,66.24,11149878.0,1594514.0,4.291
West Bengal,10/02/2019,1605.85,1872.11,1733.63,-0.7362,23.1336,87.2795,15.843,12.259,34.765,22.506,0.037,75.688,2.702,41.107,9566046.0,2272468.0,3.224
Andhra Pradesh,20/11/2022,1809.48,2008.22,1935.05,-1.9168,16.9838,77.7076,13.235,6.535,20.46,13.925,0.405,54.502,2.777,61.69,11851702.0,2097140.0,3.619
Andhra Pradesh,01/11/2020,1670.78,1825.6,1738.48,-1.0344,16.9838,77.7076,18.917,9.58,21.53,11.949,0.525,84.004,5.214,45.61,13394215.0,1233060.0,4.358
West Bengal,26/08/2018,1534.32,1718.43,1626.21,1.7191,23.1336,87.2795,15.388,8.185,21.56,13.375,1.627,45.365,4.454,74.379,7767203.0,1389746.0,2.585
Punjab,22/03/2020,2106.27,2329.78,2219.37,-0.3218,27.2892,81.9589,19.042,10.573,36.846,26.273,3.124,53.613,3.462,40.639,14994776.0,1996343.0,3.46
Tamil Nadu,21/02/2016,1808.89,1990.9,1881.65,0.2229,26.7596,74.6424,15.248,10.166,32.746,22.58,2.657,57.59,3.756,73.833,5660792.0,1003202.0,2.925
Punjab,30/09/2018,1865.88,2128.74,1998.02,-0.3647,27.2892,81.9589,15.593,5.139,18.492,13.353,6.456,48.432,4.565,52.416,14180192.0,1016677.0,3.613
West Bengal,25/08/2019,1517.12,1719.66,1640.45,-2.1741,23.1336,87.2795,19.545,6.754,19.757,13.003,1.011,74.328,1.804,84.139,6777362.0,1064145.0,3.225
Andhra Pradesh,11/12/2016,1579.24,1729.1,1661.09,-1.0421,16.9838,77.7076,12.35,10.128,25.801,15.673,0.252,58.459,3.663,46.54,10575722.0,1789960.0,3.008
Tamil Nadu,29/05/2016,1655.49,1885.59,1784.34,-0.7607,26.7596,74.6424,18.809,9.295,32.775,23.48,2.325,62.801,1.752,88.438,8106542.0,1568090.0,3.072
West Bengal,07/06/2015,1409.61,1577.19,1516.81,-0.4563,23.1336,87.2795,15.811,10.733,31.66,20.927,2.521,80.607,2.055,67.338,5884007.0,1664480.0,3.118
Tamil Nadu,11/02/2018,1842.16,2120.69,1998.98,1.3791,26.7596,74.6424,20.961,10.486,33.666,23.18,4.559,69.158,3.084,42.063,5999519.0,2964988.0,4.491
Karnataka,16/06/2019,1711.06,1907.99,1785.6,0.1665,22.0065,77.6944,13.01,8.396,28.485,20.089,1.179,83.747,3.795,50.866,14987538.0,1524032.0,3.171
West Bengal,26/02/2017,1571.96,1796.12,1684.06,0.6745,23.1336,87.2795,23.185,12.286,33.029,20.743,0.003,56.789,5.406,73.535,7118456.0,3374097.0,4.296
Andhra Pradesh,04/02/2018,1788.63,1988.07,1855.53,-0.4046,16.9838,77.7076,21.531,9.18,32.297,23.117,3.583,61.261,1.96,81.53,11460065.0,2838150.0,2.992
West Bengal,26/07/2015,1388.52,1547.95,1493.47,1.2787,23.1336,87.2795,13.522,7.558,24.717,17.159,0.349,65.62,1.821,67.789,9801640.0,3005249.0,2.938
Karnataka,03/07/2022,1830.74,2027.63,1917.99,-1.1582,22.0065,77.6944,23.525,9.65,27.382,17.732,2.449,48.534,4.499,41.065,7229633.0,1159752.0,4.296
Punjab,04/10/2020,2015.22,2238.2,2161.35,0.7938,27.2892,81.9589,13.401,9.72,20.68,10.96,8.213,64.448,3.321,81.461,7539954.0,3661281.0,4.316
Punjab,18/06/2017,1952.56,2176.63,2078.46,0.259,27.2892,81.9589,18.709,10.863,30.295,19.432,5.787,72.597,4.091,65.443,5539732.0,3809628.0,3.323
Punjab,17/05/2020,1979.57,2269.37,2118.51,1.5846,27.2892,81.9589,19.373,11.257,33.874,22.617,6.522,48.555,5.315,45.038,8470175.0,2890821.0,3.183
Punjab,05/09/2021,2039.37,2301.99,2145.41,-0.1113,27.2892,81.9589,13.92,9.715,21.31,11.596,1.635,67.439,2.873,41.397,12436001.0,1728775.0,3.789
Punjab,21/02/2016,1895.25,2111.12,2008.3,-0.2983,27.2892,81.9589,14.284,10.047,34.284,24.237,10.142,60.181,5.049,57.733,13397133.0,2633399.0,3.271
Tamil Nadu,15/11/2015,1545.88,1739.8,1644.28,1.1502,26.7596,74.6424,18.107,9.69,24.998,15.308,6.147,61.772,4.088,57.118,9081567.0,2320150.0,2.752
West Bengal,17/05/2015,1454.13,1638.52,1543.09,-0.7016,23.1336,87.2795,21.735,9.891,33.796,23.906,1.302,54.307,3.646,76.774,10029534.0,2325909.0,3.558
Karnataka,31/05/2015,1486.81,1672.24,1614.57,0.5109,22.0065,77.6944,13.918,9.439,30.772,21.333,3.221,49.224,4.964,51.056,6085906.0,1030320.0,3.93
Punjab,12/08/2018,1999.08,2254.03,2100.27,-1.0414,27.2892,81.9589,23.222,7.583,21.707,14.123,5.045,60.759,5.182,51.268,10837023.0,3296974.0,4.245
Karnataka,04/11/2018,1614.04,1777.53,1712.63,0.6483,22.0065,77.6944,18.014,7.736,22.536,14.801,5.064,83.79,3.399,58.608,11731654.0,2951635.0,2.505
Tamil Nadu,19/06/2016,1624.27,1883.54,1745.98,0.904,26.7596,74.6424,18.189,9.025,28.76,19.735,6.777,84.088,2.445,42.456,6536018.0,1189985.0,2.89
West Bengal,06/03/2022,1779.16,1986.5,1885.94,0.0401,23.1336,87.2795,15.634,12.081,36.58,24.5,6.835,80.48,3.796,67.032,9703148.0,3035443.0,4.096
Andhra Pradesh,08/12/2019,1709.58,1859.44,1782.95,0.0572,16.9838,77.7076,19.154,10.638,27.022,16.384,1.666,73.821,3.821,48.723,14241435.0,1499835.0,3.63
Karnataka,26/08/2018,1625.34,1810.24,1693.73,-0.5561,22.0065,77.6944,16.61,4.316,20.042,15.726,0.788,70.602,4.451,83.987,13758453.0,3164019.0,4.414
Karnataka,25/04/2021,1850.98,2028.95,1918.83,-1.051,22.0065,77.6944,20.377,11.927,36.525,24.598,2.769,76.445,5.408,71.843,8212254.0,2493783.0,4.133
Karnataka,20/08/2017,1535.58,1779.1,1651.58,-2.4564,22.0065,77.6944,17.032,9.669,20.808,11.139,2.459,69.351,3.26,72.487,14028283.0,3400851.0,4.149
Andhra Pradesh,24/11/2019,1639.4,1817.53,1704.7,1.1842,16.9838,77.7076,20.335,6.849,20.673,13.823,0.724,48.103,4.763,58.035,14242838.0,1354742.0,2.898
Andhra Pradesh,06/12/2020,1776.06,1974.56,1906.09,0.7341,16.9838,77.7076,13.737,11.478,27.039,15.561,1.185,50.059,4.318,54.277,8086964.0,2921156.0,4.378
Karnataka,23/09/2018,1470.21,1632.38,1543.66,-3.9087,22.0065,77.6944,21.288,8.233,20.512,12.279,0.118,57.172,5.019,74.521,6719967.0,2472354.0,3.944
Tamil Nadu,17/07/2022,1879.77,2189.62,2029.09,-1.0616,26.7596,74.6424,22.208,6.604,23.896,17.291,4.712,72.93,3.038,56.217,12169586.0,3150139.0,4.401
Punjab,09/10/2016,1772.47,1928.91,1829.81,1.3003,27.2892,81.9589,23.631,8.843,18.737,9.894,3.835,62.429,2.893,74.022,13289241.0,2495596.0,3.162
Tamil Nadu,02/08/2015,1713.97,1915.95,1796.84,1.65,26.7596,74.6424,21.101,6.929,22.246,15.317,3.575,61.771,3.558,40.623,12960286.0,2560690.0,3.316
West Bengal,17/01/2021,1641.35,1903.08,1777.16,0.3823,23.1336,87.2795,16.825,7.391,31.14,23.749,1.869,73.382,3.769,47.255,12591871.0,2001926.0,4.288
Andhra Pradesh,21/11/2021,1786.68,1995.34,1877.03,-1.0013,16.9838,77.7076,18.206,9.564,23.117,13.553,1.056,63.909,4.416,64.607,8132627.0,2998990.0,3.4
Andhra Pradesh,31/03/2019,1780.46,1927.62,1848.03,0.1531,16.9838,77.7076,15.6,14.754,37.94,23.186,1.8,79.049,2.796,54.539,11686568.0,3999029.0,2.762
Karnataka,16/08/2020,1664.26,1849.39,1719.86,0.6972,22.0065,77.6944,22.713,10.602,22.451,11.849,0.376,65.149,2.772,84.369,6894377.0,1659836.0,3.873
Punjab,12/06/2016,1855.75,2117.76,2016.03,-0.8998,27.2892,81.9589,12.002,10.454,32.63,22.176,1.153,55.379,3.151,61.015,8917544.0,3675850.0,3.573
Karnataka,11/07/2021,1696.73,1908.72,1798.82,0.2022,22.0065,77.6944,14.998,11.844,28.379,16.535,4.449,79.76,4.451,46.857,5302247.0,1526238.0,4.375
Andhra Pradesh,11/10/2020,1700.7,1963.09,1824.1,1.2444,16.9838,77.7076,23.423,5.381,19.235,13.854,8.961,73.463,4.596,56.967,7958865.0,2144263.0,2.863
West Bengal,24/07/2016,1445.84,1657.2,1547.91,0.611,23.1336,87.2795,13.763,10.974,24.972,13.997,2.751,84.764,1.708,48.382,12229119.0,2588509.0,3.312
Andhra Pradesh,11/12/2022,1906.37,2146.93,1997.39,0.774,16.9838,77.7076,21.089,14.901,29.188,14.287,5.051,76.582,1.598,40.009,13829597.0,3187940.0,4.416
West Bengal,12/06/2016,1463.09,1596.86,1540.04,-0.0115,23.1336,87.2795,21.533,12.131,31.041,18.91,1.977,66.08,4.007,65.521,14991245.0,2520379.0,3.787
Karnataka,15/11/2015,1391.12,1551.73,1453.63,-0.1884,22.0065,77.6944,16.192,11.72,24.517,12.796,1.796,56.212,3.878,77.559,12910011.0,2260374.0,3.517
West Bengal,25/01/2015,1491.89,1732.98,1618.91,1.2284,23.1336,87.2795,14.895,11.49,31.517,20.027,1.82,59.321,4.237,49.362,14787134.0,1185584.0,4.448
Tamil Nadu,08/08/2021,1873.97,2117.39,2020.04,2.8213,26.7596,74.6424,19.58,8.818,23.161,14.343,0.491,79.334,1.713,69.761,14838205.0,2594514.0,4.101
Tamil Nadu,08/11/2015,1560.74,1754.46,1636.16,0.948,26.7596,74.6424,17.396,5.847,19.376,13.53,7.632,74.985,5.467,66.571,11599957.0,1907441.0,4.395
Karnataka,08/12/2019,1572.95,1753.04,1667.59,-0.4022,22.0065,77.6944,14.643,7.469,23.357,15.888,0.102,49.611,5.412,53.989,8070255.0,1381319.0,4.01
Karnataka,03/04/2016,1571.34,1768.53,1707.44,-2.1911,22.0065,77.6944,23.068,12.786,35.526,22.74,3.274,55.354,3.246,74.497,8568277.0,1201882.0,3.306
Tamil Nadu,25/03/2018,1784.4,2054.19,1917.75,-1.4867,26.7596,74.6424,20.599,11.917,34.714,22.797,2.61,67.995,4.952,54.553,13816172.0,3188231.0,4.097
Tamil Nadu,25/10/2020,1753.56,1949.82,1826.82,-0.2823,26.7596,74.6424,15.278,9.176,21.421,12.244,0.417,68.822,5.177,58.78,13750233.0,1490288.0,3.243
West Bengal,21/10/2018,1430.59,1563.72,1507.92,0.1142,23.1336,87.2795,22.698,7.447,20.939,13.492,2.976,51.876,5.087,76.036,9777687.0,2395196.0,3.845
Punjab,30/06/2019,1944.38,2106.01,2023.81,1.5184,27.2892,81.9589,23.237,11.221,29.635,18.415,0.631,76.084,3.121,76.19,5918514.0,3175175.0,3.524
Tamil Nadu,03/10/2021,1793.71,1950.75,1872.06,-0.5062,26.7596,74.6424,15.795,5.47,17.412,11.943,1.009,54.831,5.496,51.483,13306348.0,1477353.0,4.46
Tamil Nadu,02/10/2016,1594.61,1812.72,1689.25,-0.2608,26.7596,74.6424,20.285,7.071,18.529,11.458,4.105,61.474,3.113,86.167,7458756.0,3189446.0,4.009
Punjab,25/02/2018,2062.62,2302.57,2140.17,0.7256,27.2892,81.9589,22.867,12.046,34.408,22.362,2.123,58.699,5.202,46.125,6687998.0,2301483.0,3.067
Andhra Pradesh,15/12/2019,1689.08,1895.64,1819.36,-2.7175,16.9838,77.7076,16.046,8.949,24.76,15.811,1.99,65.896,2.564,60.552,11911111.0,3355424.0,3.239
Karnataka,06/06/2021,1668.07,1883.26,1784.43,-0.3882,22.0065,77.6944,12.211,10.478,31.865,21.387,1.43,51.938,2.618,41.736,6694628.0,3959888.0,4.497
Karnataka,01/05/2016,1540.88,1789.25,1657.59,0.7835,22.0065,77.6944,14.665,10.94,35.316,24.376,0.925,59.954,3.923,79.097,8645762.0,2877913.0,3.464
Karnataka,23/06/2019,1627.51,1824.03,1729.65,1.3846,22.0065,77.6944,17.74,12.048,29.87,17.822,0.9,80.467,4.771,51.986,5129260.0,2888499.0,4.19
Andhra Pradesh,11/04/2021,1786.37,2052.35,1925.25,-0.9878,16.9838,77.7076,18.906,13.736,36.249,22.512,0.443,62.494,3.612,73.289,11339255.0,2201273.0,4.016
Karnataka,20/09/2020,1609.74,1816.83,1700.95,1.6871,22.0065,77.6944,15.301,5.143,19.172,14.028,0.205,77.834,2.209,57.974,9010756.0,1898531.0,2.507
Punjab,28/06/2015,1788.18,1985.04,1887.69,-0.1072,27.2892,81.9589,22.175,7.822,27.171,19.348,0.84,48.261,3.062,66.708,8768019.0,2885684.0,3.511
Karnataka,02/04/2017,1580.32,1776.44,1714.11,-1.9238,22.0065,77.6944,12.208,12.607,37.85,25.243,1.063,68.551,4.277,41.671,5433318.0,1783930.0,2.667
Tamil Nadu,10/10/2021,1815.69,1984.41,1915.43,0.8045,26.7596,74.6424,15.296,8.79,21.686,12.896,6.378,66.985,3.911,42.774,6686188.0,1483577.0,3.104
Punjab,08/10/2017,1853.71,2013.6,1934.09,0.2611,27.2892,81.9589,20.366,8.525,21.798,13.273,7.325,62.568,3.483,51.008,9032227.0,1189056.0,4.217
Punjab,04/04/2021,2047.03,2347.02,2219.5,-0.6401,27.2892,81.9589,13.314,14.437,35.985,21.548,1.76,73.847,4.674,89.293,7532237.0,3524318.0,2.844
Andhra Pradesh,07/03/2021,1890.45,2086.71,1981.57,1.2752,16.9838,77.7076,15.854,8.086,31.513,23.426,7.831,66.587,3.675,60.599,8528018.0,1991064.0,2.949
Tamil Nadu,22/07/2018,1820.42,2002.02,1901.44,0.8405,26.7596,74.6424,18.303,7.214,24.461,17.247,0.186,49.17,3.159,46.193,9104415.0,2670801.0,4.361
Karnataka,01/11/2020,1626.76,1810.61,1755.61,-2.6267,22.0065,77.6944,18.869,10.938,24.738,13.8,6.906,58.856,3.536,88.713,9173886.0,3421871.0,3.552
Andhra Pradesh,02/06/2019,1725.27,2004.61,1871.57,1.148,16.9838,77.7076,15.852,11.557,31.701,20.144,2.477,75.166,3.592,47.479,14216465.0,1338548.0,4.439
Punjab,04/12/2022,2086.01,2254.55,2170.02,0.6024,27.2892,81.9589,23.995,8.88,23.7,14.821,2.476,52.836,2.078,87.971,13713528.0,3246037.0,4.398
Andhra Pradesh,12/07/2015,1590.77,1736.3,1652.25,-1.912,16.9838,77.7076,21.165,7.376,26.347,18.971,0.654,65.446,4.029,51.958,14350679.0,2703764.0,3.939
Tamil Nadu,04/10/2020,1811.97,2033.68,1913.2,1.6786,26.7596,74.6424,20.936,7.868,21.698,13.829,0.193,64.013,3.855,47.331,9319661.0,1852017.0,2.738
Andhra Pradesh,20/12/2015,1509.03,1665.41,1565.08,3.0512,16.9838,77.7076,17.705,7.96,25.701,17.742,3.389,54.486,3.679,69.658,9199234.0,1436148.0,3.046
West Bengal,29/03/2020,1716.42,1863.37,1785.23,1.6284,23.1336,87.2795,18.453,13.293,34.715,21.422,1.819,77.439,3.052,54.058,11082433.0,3184843.0,4.485
Andhra Pradesh,06/12/2015,1505.11,1718.88,1633.45,-1.1911,16.9838,77.7076,17.283,10.364,25.954,15.59,1.994,61.36,2.887,45.369,8580909.0,2010959.0,4.193
West Bengal,20/12/2020,1683.43,1844.31,1738.52,-1.4788,23.1336,87.2795,13.707,10.998,26.709,15.711,0.942,60.932,4.082,44.475,13349178.0,3901343.0,2.919
West Bengal,12/08/2018,1533.55,1694.45,1628.95,1.3028,23.1336,87.2795,18.395,8.318,21.984,13.666,0.377,75.943,3.608,65.14,6807898.0,3985646.0,3.818
Tamil Nadu,17/01/2021,1908.79,2058.55,1996.22,0.8848,26.7596,74.6424,23.882,9.72,29.155,19.435,0.375,55.97,4.754,48.02,11605837.0,3265079.0,2.574
Andhra Pradesh,18/11/2018,1642.55,1762.77,1701.51,2.7365,16.9838,77.7076,22.0,8.167,22.116,13.949,0.396,48.442,4.714,43.903,7621810.0,3403749.0,4.315
Punjab,01/03/2020,2120.11,2373.78,2244.22,-0.3785,27.2892,81.9589,21.095,13.461,34.111,20.649,2.782,48.085,2.219,66.612,11945476.0,2542524.0,3.211
Punjab,12/05/2019,1997.54,2263.37,2163.01,-0.8945,27.2892,81.9589,15.633,9.926,32.135,22.209,1.954,75.062,5.251,44.703,6503818.0,2769528.0,2.696
Tamil Nadu,13/05/2018,1753.79,2005.7,1866.39,-0.0299,26.7596,74.6424,15.585,10.729,33.387,22.659,0.536,58.364,2.588,63.002,6815231.0,2588876.0,3.913
Punjab,01/12/2019,1868.97,2117.59,2031.17,2.3483,27.2892,81.9589,15.306,10.226,23.695,13.469,3.332,65.34,2.734,89.555,5469744.0,2746231.0,3.423
Punjab,24/11/2019,1917.56,2075.02,1990.54,1.4224,27.2892,81.9589,23.55,8.211,22.371,14.161,0.193,81.118,3.949,85.937,10649539.0,3463026.0,3.943
Karnataka,19/12/2021,1742.59,1898.44,1826.0,1.5887,22.0065,77.6944,15.736,8.727,26.343,17.617,3.163,79.685,3.857,67.637,7373156.0,3034336.0,3.249
West Bengal,18/10/2015,1324.37,1486.92,1409.5,0.7704,23.1336,87.2795,19.359,7.157,20.577,13.42,0.568,65.003,3.363,55.52,12362995.0,1804861.0,3.485
Tamil Nadu,14/05/2017,1769.18,1937.23,1867.5,-2.1072,26.7596,74.6424,23.852,11.604,33.252,21.648,0.087,63.1,4.871,56.195,9797985.0,3934137.0,3.45
Karnataka,29/11/2015,1474.76,1683.08,1579.75,-2.0976,22.0065,77.6944,18.583,5.758,22.864,17.106,1.883,60.305,4.596,76.177,12142994.0,3145931.0,4.281
West Bengal,22/08/2021,1668.57,1845.87,1764.24,-1.4464,23.1336,87.2795,22.238,9.043,22.406,13.363,0.979,52.285,5.477,57.949,7055044.0,1309927.0,2.748
Tamil Nadu,24/07/2022,1923.15,2159.78,2036.21,0.9363,26.7596,74.6424,21.494,7.472,23.89,16.418,1.451,45.377,3.779,71.68,14152613.0,2241165.0,3.649
Andhra Pradesh,18/12/2016,1604.82,1725.36,1670.69,-0.9596,16.9838,77.7076,14.141,12.59,27.751,15.161,5.583,80.749,3.021,86.442,12083722.0,1903035.0,2.69
Andhra Pradesh,25/04/2021,1823.03,2014.17,1937.17,-0.4531,16.9838,77.7076,21.426,10.339,34.916,24.577,12.585,75.069,5.042,70.209,13370737.0,2251561.0,4.205
Tamil Nadu,04/10/2015,1561.45,1745.36,1674.62,-0.4769,26.7596,74.6424,23.28,9.522,22.167,12.645,6.374,76.094,3.571,64.53,10297457.0,2609704.0,3.369
Andhra Pradesh,03/03/2019,1848.97,2041.74,1954.72,0.9403,16.9838,77.7076,13.349,13.866,37.038,23.172,6.128,69.734,3.903,61.892,7942442.0,1196142.0,4.394
Karnataka,08/10/2017,1491.23,1732.65,1615.38,-2.1983,22.0065,77.6944,16.973,7.868,21.786,13.918,1.35,57.423,4.634,56.398,14208812.0,1803901.0,2.775
Tamil Nadu,09/05/2021,1874.65,2134.3,2007.92,-1.4169,26.7596,74.6424,14.572,12.422,34.281,21.859,4.846,70.763,3.089,40.22,9465812.0,1018174.0,2.65
Karnataka,18/04/2021,1730.14,1948.62,1831.17,-2.3506,22.0065,77.6944,12.765,13.501,36.082,22.581,1.142,69.29,2.16,54.902,14899335.0,2903271.0,3.772
Tamil Nadu,30/10/2022,1784.38,1929.43,1851.41,0.6692,26.7596,74.6424,14.681,2.965,16.835,13.87,0.274,73.313,3.696,76.196,5876229.0,3986579.0,4.489
Tamil Nadu,23/09/2018,1682.24,1851.42,1745.5,0.536,26.7596,74.6424,13.194,5.025,19.344,14.319,1.781,47.654,2.465,43.035,10488876.0,1481014.0,3.721
Karnataka,13/12/2020,1670.24,1911.88,1796.61,1.5301,22.0065,77.6944,18.915,13.132,29.619,16.488,1.546,70.867,3.262,42.709,8965038.0,3700757.0,4.11
Andhra Pradesh,04/07/2021,1816.54,2018.55,1911.82,0.5606,16.9838,77.7076,12.386,9.029,26.714,17.685,2.337,70.099,5.276,59.683,14752909.0,3265846.0,3.47
West Bengal,19/05/2019,1521.97,1723.36,1640.25,-0.2118,23.1336,87.2795,14.255,12.217,34.166,21.949,0.045,76.077,4.972,66.57,8765666.0,2291605.0,3.818
Tamil Nadu,07/03/2021,1965.57,2212.84,2101.09,-1.4502,26.7596,74.6424,21.632,11.58,36.292,24.711,0.385,49.978,3.167,83.505,13820850.0,1322098.0,3.649
Karnataka,12/02/2017,1636.86,1835.6,1774.16,1.6749,22.0065,77.6944,23.431,11.849,35.024,23.175,1.899,62.104,2.302,83.682,7015559.0,3120038.0,4.027
Andhra Pradesh,10/05/2015,1613.48,1781.05,1682.82,-1.2476,16.9838,77.7076,15.825,11.825,35.06,23.234,0.033,45.809,2.462,45.835,6195866.0,2808219.0,3.711
Tamil Nadu,09/02/2020,1905.05,2137.9,2011.15,0.3529,26.7596,74.6424,14.614,11.084,32.59,21.506,1.466,58.84,5.192,50.368,10600575.0,2609845.0,4.157
Karnataka,11/02/2018,1644.83,1846.05,1779.07,-1.0042,22.0065,77.6944,14.374,13.024,33.63,20.606,0.264,83.088,5.07,72.786,10514309.0,3757698.0,3.811
Andhra Pradesh,29/03/2020,1851.48,2035.8,1962.32,-1.5815,16.9838,77.7076,21.783,11.862,36.785,24.923,2.133,64.542,4.429,52.348,7305470.0,2758779.0,3.344
West Bengal,30/01/2022,1833.8,2028.37,1891.96,0.7272,23.1336,87.2795,13.35,8.705,30.648,21.943,4.299,57.043,4.286,45.891,6705337.0,3242100.0,4.459
Tamil Nadu,17/04/2016,1713.46,1900.45,1796.04,-0.327,26.7596,74.6424,20.922,12.672,35.705,23.033,5.594,64.857,3.363,40.274,12866497.0,1992148.0,4.258
Punjab,03/02/2019,1988.03,2238.64,2140.94,-0.3851,27.2892,81.9589,17.183,7.137,30.578,23.442,0.393,51.123,2.718,80.734,12861990.0,2306496.0,4.287
West Bengal,18/01/2015,1450.43,1621.5,1547.14,0.5905,23.1336,87.2795,16.141,13.717,33.366,19.649,3.01,62.019,3.264,65.3,8561785.0,3263679.0,3.507
Andhra Pradesh,26/11/2017,1679.69,1849.79,1754.47,-0.1099,16.9838,77.7076,14.102,10.691,25.381,14.69,0.061,78.881,2.659,45.896,8541724.0,1231868.0,4.458
Karnataka,05/09/2021,1690.54,1825.01,1752.31,-0.3481,22.0065,77.6944,22.199,7.22,21.065,13.845,1.624,47.416,2.667,52.096,13700626.0,2391539.0,3.867
Andhra Pradesh,09/05/2021,1872.97,2015.68,1945.46,-1.4843,16.9838,77.7076,14.708,12.965,35.083,22.119,4.361,45.122,3.416,46.418,13596474.0,1293184.0,3.001
Punjab,20/05/2018,1993.5,2238.86,2076.45,0.0501,27.2892,81.9589,23.345,13.206,34.053,20.846,3.395,53.717,2.114,50.579,5962094.0,2748638.0,3.065
Andhra Pradesh,17/11/2019,1637.86,1900.58,1777.83,1.7689,16.9838,77.7076,22.385,7.645,21.433,13.788,1.588,69.103,4.624,65.787,6308043.0,1296777.0,3.712
West Bengal,17/12/2017,1570.36,1748.18,1636.6,0.7537,23.1336,87.2795,22.071,6.75,23.771,17.021,10.264,63.961,4.109,58.226,8540828.0,2409148.0,2.894
Karnataka,14/10/2018,1527.26,1718.55,1639.17,0.0138,22.0065,77.6944,19.448,11.492,22.011,10.519,1.643,62.252,2.556,66.767,7194562.0,3602579.0,3.995
Punjab,13/05/2018,2064.8,2300.79,2133.49,0.4329,27.2892,81.9589,19.599,11.795,34.053,22.258,5.22,69.302,3.948,42.12,5888713.0,2858250.0,3.128
Karnataka,04/04/2021,1657.84,1929.52,1795.08,-3.4083,22.0065,77.6944,21.124,10.059,33.409,23.35,6.122,76.663,3.227,45.932,8733648.0,3802254.0,4.398
West Bengal,24/04/2016,1479.65,1697.02,1593.5,0.6992,23.1336,87.2795,14.718,10.494,34.083,23.588,0.188,52.134,4.466,74.715,13917261.0,1950859.0,3.743
Karnataka,13/02/2022,1901.83,2094.91,2012.34,2.0733,22.0065,77.6944,16.898,12.38,34.007,21.627,0.288,71.432,3.869,72.386,11107916.0,1050016.0,2.849
West Bengal,13/12/2020,1642.06,1843.18,1731.78,-0.8143,23.1336,87.2795,17.477,8.128,23.24,15.111,4.212,46.988,2.395,85.945,13799816.0,1967449.0,4.236
Karnataka,25/03/2018,1692.78,1834.65,1777.94,-1.1625,22.0065,77.6944,23.187,10.484,35.09,24.606,7.655,54.227,1.946,87.446,6121877.0,1771210.0,2.865
West Bengal,29/11/2020,1538.9,1756.94,1659.21,-0.6055,23.1336,87.2795,13.391,13.519,27.774,14.255,0.915,67.674,2.86,84.778,12127639.0,1441263.0,4.241
Karnataka,26/02/2017,1661.69,1914.18,1782.62,-0.1221,22.0065,77.6944,15.254,12.81,34.399,21.588,0.979,77.167,2.917,64.17,7228198.0,3058273.0,4.062
West Bengal,19/06/2022,1768.58,1898.87,1830.57,0.6207,23.1336,87.2795,13.844,8.332,29.164,20.832,4.925,51.43,1.758,59.517,14668894.0,1924780.0,3.948
Karnataka,12/04/2020,1648.9,1899.29,1784.98,2.1107,22.0065,77.6944,14.459,13.468,37.272,23.804,1.681,56.655,2.638,53.639,12674558.0,3118356.0,4.306
Andhra Pradesh,27/03/2022,1954.36,2134.31,2035.21,-0.0857,16.9838,77.7076,23.832,13.113,37.04,23.927,16.761,79.433,3.128,69.296,9505536.0,2350881.0,2.755
West Bengal,08/03/2015,1491.73,1726.61,1614.67,2.1758,23.1336,87.2795,20.211,8.251,33.821,25.571,0.675,77.868,2.231,44.221,7284075.0,3796405.0,4.158
West Bengal,30/10/2016,1391.5,1581.86,1467.61,1.5936,23.1336,87.2795,19.511,7.008,18.084,11.076,0.504,58.889,2.101,81.097,12786708.0,3731075.0,2.627
